crdb;group;image
Acura_NSXF9_2018;1;Honda_AIMGAINGTNSXReward_2017_icon.ASTC_tex_1.png
Acura_NSXTypeSReward_2022;2;Acura_NSXTypeSReward_2022_icon.ASTC_tex_0.png
Acura_NSXTypeSRewardRecycled_2022;2;Acura_NSXTypeSReward_2022_icon.ASTC_tex_0.png
AlfaRomeo_4CCoupeCrew_2013;3;AlfaRomeo_4CCoupeCrew_2013_icon.ASTC_tex_1.png
AlfaRomeo_4CCoupeCrewRecycled_2013;3;AlfaRomeo_4CCoupeCrew_2013_icon.ASTC_tex_1.png
AlfaRomeo_8CCompetizione_2007;4;AlfaRomeo_8CCompetizione_2007_icon.ASTC_tex_1.png
AlfaRomeo_8CSpiderReward_2009;4;AlfaRomeo_8CCompetizione_2007_icon.ASTC_tex_1.png
AlfaRomeo_8CSpiderRewardRecycled_2009;4;AlfaRomeo_8CCompetizione_2007_icon.ASTC_tex_1.png
AlfaRomeo_GiuliaGTAmReward_2021;5;AlfaRomeo_GiuliaGTAmReward_2021_icon.ASTC_tex_0.png
AlfaRomeo_GiuliaGTAmRewardRecycled_2021;5;AlfaRomeo_GiuliaGTAmReward_2021_icon.ASTC_tex_0.png
Apollo_IntensaEmozione_2019;6;Apollo_IntensaEmozione_2019_icon.ASTC_tex_0.png
Apollo_IntensaEmozioneCarbon_2019;6;Apollo_IntensaEmozione_2019_icon.ASTC_tex_0.png
Apollo_IntensaEmozioneOrangeDragon_2019;6;Apollo_IntensaEmozione_2019_icon.ASTC_tex_0.png
Arrinera_HussaryaReward_2020;7;Arrinera_HussaryaReward_2020_icon.ASTC_tex_0.png
Arrinera_HussaryaRewardRecycled_2020;7;Arrinera_HussaryaReward_2020_icon.ASTC_tex_0.png
AstonMartin_DB11Reward_2017;8;AstonMartin_DB11Reward_2017_icon.ASTC_tex_1.png
AstonMartin_DB11RewardRecycled_2017;8;AstonMartin_DB11Reward_2017_icon.ASTC_tex_1.png
AstonMartin_DB12VolanteReward_2024;9;AstonMartin_DB12VolanteReward_2024_icon.ASTC_tex_0.png
AstonMartin_DB12VolanteRewardRecycled_2024;9;AstonMartin_DB12VolanteReward_2024_icon.ASTC_tex_0.png
AstonMartin_DBS770UltimateReward_2023;10;AstonMartin_DBS770UltimateReward_2023_icon.ASTC_tex_1.png
AstonMartin_DBS770UltimateRewardRecycled_2023;10;AstonMartin_DBS770UltimateReward_2023_icon.ASTC_tex_1.png
AstonMartin_DBSGTZagato_2020;11;AstonMartin_DBSGTZagato_2020_icon.ASTC_tex_1.png
AstonMartin_DBSSuperleggeraReward_2019;11;AstonMartin_DBSGTZagato_2020_icon.ASTC_tex_1.png
AstonMartin_DBSSuperleggeraRewardRecycled_2019;11;AstonMartin_DBSGTZagato_2020_icon.ASTC_tex_1.png
AstonMartin_DBSVolanteReward_2020;11;AstonMartin_DBSGTZagato_2020_icon.ASTC_tex_1.png
AstonMartin_DBSVolanteRewardRecycled_2020;11;AstonMartin_DBSGTZagato_2020_icon.ASTC_tex_1.png
AstonMartin_DBX707Reward_2023;12;AstonMartin_DBX707Reward_2023_icon.ASTC_tex_0.png
AstonMartin_DBX707RewardRecycled_2023;12;AstonMartin_DBX707Reward_2023_icon.ASTC_tex_0.png
AstonMartin_DBXReward_2019;12;AstonMartin_DBX707Reward_2023_icon.ASTC_tex_0.png
AstonMartin_DBXRewardRecycled_2019;12;AstonMartin_DBX707Reward_2023_icon.ASTC_tex_0.png
AstonMartin_DBXSReward_2026;12;AstonMartin_DBX707Reward_2023_icon.ASTC_tex_0.png
AstonMartin_DBXSRewardRecycled_2026;12;AstonMartin_DBX707Reward_2023_icon.ASTC_tex_0.png
AstonMartin_One77Reward_2010;13;AstonMartin_One77Reward_2010_icon.ASTC_tex_0.png
AstonMartin_One77RewardRecycled_2010;13;AstonMartin_One77Reward_2010_icon.ASTC_tex_0.png
AstonMartin_V12Speedster_2021;14;AstonMartin_V12Speedster_2021_icon.ASTC_tex_0.png
AstonMartin_V12SpeedsterDBR1_2021;14;AstonMartin_V12Speedster_2021_icon.ASTC_tex_0.png
AstonMartin_V12Vantage_2023;15;AstonMartin_V12Vantage_2023_icon.ASTC_tex_0.png
AstonMartin_V12VantageRReward_2023;15;AstonMartin_V12Vantage_2023_icon.ASTC_tex_0.png
AstonMartin_V12VantageRRewardRecycled_2023;15;AstonMartin_V12Vantage_2023_icon.ASTC_tex_0.png
AstonMartin_Valhalla_2020;16;AstonMartin_Valhalla_2020_icon.ASTC_tex_1.png
AstonMartin_ValhallaGold_2020;16;AstonMartin_Valhalla_2020_icon.ASTC_tex_1.png
AstonMartin_Valkyrie_2020;17;AstonMartin_Valkyrie_2020_icon.ASTC_tex_1.png
AstonMartin_ValkyrieSpider_2022;17;AstonMartin_Valkyrie_2020_icon.ASTC_tex_1.png
AstonMartin_ValkyrieSpirit_2020;17;AstonMartin_Valkyrie_2020_icon.ASTC_tex_1.png
AstonMartin_ValkyrieTrackPack_2020;17;AstonMartin_Valkyrie_2020_icon.ASTC_tex_1.png
AstonMartin_ValkyrieTrackPackAMR_2020;17;AstonMartin_Valkyrie_2020_icon.ASTC_tex_1.png
AstonMartin_Valour_2024;18;AstonMartin_Valour_2024_icon.ASTC_tex_1.png
AstonMartin_ValourReward_2024;18;AstonMartin_Valour_2024_icon.ASTC_tex_1.png
AstonMartin_ValourRewardRecycled_2024;18;AstonMartin_Valour_2024_icon.ASTC_tex_1.png
AstonMartin_VanquishVReward_2025;19;AstonMartin_VanquishVReward_2025_icon.ASTC_tex_1.png
AstonMartin_VanquishVRewardRecycled_2025;19;AstonMartin_VanquishVReward_2025_icon.ASTC_tex_1.png
AstonMartin_VanquishZagatoReward_2017;20;AstonMartin_VanquishZagatoReward_2017_icon.ASTC_tex_1.png
AstonMartin_VanquishZagatoRewardRecycled_2017;20;AstonMartin_VanquishZagatoReward_2017_icon.ASTC_tex_1.png
AstonMartin_VanquishZagatoSB_2017;20;AstonMartin_VanquishZagatoReward_2017_icon.ASTC_tex_1.png
AstonMartin_VantageRoadsterReward_2021;21;AstonMartin_VantageRoadsterReward_2021_icon.ASTC_tex_1.png
AstonMartin_VantageRoadsterRewardRecycled_2021;21;AstonMartin_VantageRoadsterReward_2021_icon.ASTC_tex_1.png
AstonMartin_VantageRReward_2025;21;AstonMartin_VantageRoadsterReward_2021_icon.ASTC_tex_1.png
AstonMartin_VantageRRewardRecycled_2025;21;AstonMartin_VantageRoadsterReward_2021_icon.ASTC_tex_1.png
AstonMartin_VantageV8Reward_2018;21;AstonMartin_VantageRoadsterReward_2021_icon.ASTC_tex_1.png
AstonMartin_VantageV8RewardRecycled_2018;21;AstonMartin_VantageRoadsterReward_2021_icon.ASTC_tex_1.png
AstonMartin_VulcanReward_2016;22;AstonMartin_VulcanReward_2016_icon.ASTC_tex_1.png
AstonMartin_VulcanRewardGold_2016;22;AstonMartin_VulcanReward_2016_icon.ASTC_tex_1.png
AstonMartin_VulcanRewardRecycled_2016;22;AstonMartin_VulcanReward_2016_icon.ASTC_tex_1.png
ATSAutomobili_GTReward_2018;23;ATSAutomobili_GTReward_2018_icon.ASTC_tex_0.png
ATSAutomobili_GTRewardRecycled_2018;23;ATSAutomobili_GTReward_2018_icon.ASTC_tex_0.png
ATSAutomobili_RRTurbo_2020;23;ATSAutomobili_GTReward_2018_icon.ASTC_tex_0.png
Audi_ABTRS6RReward_2020;24;Audi_ABTRS6RReward_2020_icon.ASTC_tex_1.png
Audi_ABTRS6RRewardRecycled_2020;24;Audi_ABTRS6RReward_2020_icon.ASTC_tex_1.png
Audi_ABTRS7RReward_2020;25;Audi_ABTRS7RReward_2020_icon.ASTC_tex_1.png
Audi_ABTRS7RRewardRecycled_2020;25;Audi_ABTRS7RReward_2020_icon.ASTC_tex_1.png
Audi_LBR8V10PlusCoupeReward_2014;26;Audi_LBR8V10PlusCoupeReward_2014_icon.ASTC_tex_0.png
Audi_LBR8V10PlusCoupeRewardRecycled_2014;26;Audi_LBR8V10PlusCoupeReward_2014_icon.ASTC_tex_0.png
Audi_NEWINGR8RSRReward_2016;27;Audi_NEWINGR8RSRReward_2016_icon.ASTC_tex_1.png
Audi_NEWINGR8RSRRewardRecycled_2016;27;Audi_NEWINGR8RSRReward_2016_icon.ASTC_tex_1.png
Audi_R8SpyderReward_2020;27;Audi_NEWINGR8RSRReward_2016_icon.ASTC_tex_1.png
Audi_R8SpyderRewardRecycled_2020;27;Audi_NEWINGR8RSRReward_2016_icon.ASTC_tex_1.png
Audi_R8V10Decennium_2019;27;Audi_NEWINGR8RSRReward_2016_icon.ASTC_tex_1.png
Audi_R8V10GreenHell_2020;27;Audi_NEWINGR8RSRReward_2016_icon.ASTC_tex_1.png
Audi_R8V10GTReward_2023;28;Audi_R8V10GTReward_2023_icon.ASTC_tex_0.png
Audi_R8V10GTRewardRecycled_2023;28;Audi_R8V10GTReward_2023_icon.ASTC_tex_0.png
Audi_R8V10PlusCoupe_2016;27;Audi_NEWINGR8RSRReward_2016_icon.ASTC_tex_1.png
Audi_R8V10PlusCoupeReward_2016;27;Audi_NEWINGR8RSRReward_2016_icon.ASTC_tex_1.png
Audi_R8V10PlusCoupeRewardRecycled_2016;27;Audi_NEWINGR8RSRReward_2016_icon.ASTC_tex_1.png
Audi_RS3SedanReward_2023;29;Audi_RS3SedanReward_2023_icon.ASTC_tex_1.png
Audi_RS3SedanRewardRecycled_2023;29;Audi_RS3SedanReward_2023_icon.ASTC_tex_1.png
Audi_RS3SportbackReward_2023;29;Audi_RS3SedanReward_2023_icon.ASTC_tex_1.png
Audi_RS3SportbackRewardRecycled_2023;29;Audi_RS3SedanReward_2023_icon.ASTC_tex_1.png
Audi_RS5CoupeReward_2020;30;Audi_RS5CoupeReward_2020_icon.ASTC_tex_1.png
Audi_RS5CoupeRewardRecycled_2020;30;Audi_RS5CoupeReward_2020_icon.ASTC_tex_1.png
Audi_RS6AvantGTReward_2024;24;Audi_ABTRS6RReward_2020_icon.ASTC_tex_1.png
Audi_RS6AvantGTRewardRecycled_2024;24;Audi_ABTRS6RReward_2020_icon.ASTC_tex_1.png
Audi_RS6AvantReward_2020;24;Audi_ABTRS6RReward_2020_icon.ASTC_tex_1.png
Audi_RS6AvantRewardRecycled_2020;24;Audi_ABTRS6RReward_2020_icon.ASTC_tex_1.png
Audi_RS7SportbackReward_2020;25;Audi_ABTRS7RReward_2020_icon.ASTC_tex_1.png
Audi_RS7SportbackRewardRecycled_2020;25;Audi_ABTRS7RReward_2020_icon.ASTC_tex_1.png
Audi_RSetronGTReward_2022;31;Audi_RSetronGTReward_2022_icon.ASTC_tex_1.png
Audi_RSetronGTRewardRecycled_2022;31;Audi_RSetronGTReward_2022_icon.ASTC_tex_1.png
Audi_TTRSCoupeIEReward_2023;32;Audi_TTRSCoupeIEReward_2023_icon.ASTC_tex_0.png
Audi_TTRSCoupeIERewardRecycled_2023;32;Audi_TTRSCoupeIEReward_2023_icon.ASTC_tex_0.png
BAC_MonoReward_2017;33;BAC_MonoReward_2017_icon.ASTC_tex_0.png
BAC_MonoRewardRecycled_2017;33;BAC_MonoReward_2017_icon.ASTC_tex_0.png
Bentley_BaturConvertibleReward_2025;34;Bentley_BaturConvertibleReward_2025_icon.ASTC_tex_0.png
Bentley_BaturConvertibleRewardRecycled_2025;34;Bentley_BaturConvertibleReward_2025_icon.ASTC_tex_0.png
Bentley_BentaygaReward_2018;35;Bentley_BentaygaReward_2018_icon.ASTC_tex_1.png
Bentley_BentaygaRewardRecycled_2018;35;Bentley_BentaygaReward_2018_icon.ASTC_tex_1.png
Bentley_ContinentalGT3PikesPeak_2021;36;Bentley_ContinentalGT3PikesPeak_2021_icon.ASTC_tex_1.png
Bentley_ContinentalGT3RReward_2015;37;Bentley_ContinentalGT3RReward_2015_icon.ASTC_tex_0.png
Bentley_ContinentalGT3RRewardRecycled_2015;37;Bentley_ContinentalGT3RReward_2015_icon.ASTC_tex_0.png
Bentley_ContinentalGTConvertibleReward_2019;36;Bentley_ContinentalGT3PikesPeak_2021_icon.ASTC_tex_1.png
Bentley_ContinentalGTConvertibleRewardRecycled_2019;36;Bentley_ContinentalGT3PikesPeak_2021_icon.ASTC_tex_1.png
Bentley_ContinentalGTCSpeedReward_2022;36;Bentley_ContinentalGT3PikesPeak_2021_icon.ASTC_tex_1.png
Bentley_ContinentalGTCSpeedRewardRecycled_2022;36;Bentley_ContinentalGT3PikesPeak_2021_icon.ASTC_tex_1.png
Bentley_ContinentalGTReward_2018;36;Bentley_ContinentalGT3PikesPeak_2021_icon.ASTC_tex_1.png
Bentley_ContinentalGTRewardRecycled_2018;36;Bentley_ContinentalGT3PikesPeak_2021_icon.ASTC_tex_1.png
Bentley_ContinentalGTSpeedReward_2021;36;Bentley_ContinentalGT3PikesPeak_2021_icon.ASTC_tex_1.png
Bentley_ContinentalGTSpeedReward_2025;38;Bentley_ContinentalGTSpeed_2025_icon.ASTC_tex_1.png
Bentley_ContinentalGTSpeedRewardRecycled_2021;36;Bentley_ContinentalGT3PikesPeak_2021_icon.ASTC_tex_1.png
Bentley_ContinentalGTSpeedRewardRecycled_2025;38;Bentley_ContinentalGTSpeed_2025_icon.ASTC_tex_1.png
Bentley_MullinerBacalarReward_2021;39;Bentley_MullinerBacalarReward_2021_icon.ASTC_tex_1.png
Bentley_MullinerBacalarRewardRecycled_2021;39;Bentley_MullinerBacalarReward_2021_icon.ASTC_tex_1.png
Bentley_MullinerBaturReward_2023;40;Bentley_MullinerBaturReward_2023_icon.ASTC_tex_0.png
Bentley_MullinerBaturRewardRecycled_2023;40;Bentley_MullinerBaturReward_2023_icon.ASTC_tex_0.png
Bentley_SupersportsReward_2026;41;
Bentley_SupersportsRewardRecycled_2026;41;
BMW_ACSchnitzerZ4_2019;42;BMW_ACSchnitzerZ4_2019_icon.ASTC_tex_1.png
BMW_i8Reward_2017;43;BMW_i8Reward_2017_icon.ASTC_tex_0.png
BMW_i8RewardHoliday_2017;43;BMW_i8Reward_2017_icon.ASTC_tex_0.png
BMW_i8RewardRecycled_2017;43;BMW_i8Reward_2017_icon.ASTC_tex_0.png
BMW_i8RewardSilver_2017;43;BMW_i8Reward_2017_icon.ASTC_tex_0.png
BMW_LBi8Reward_2017;43;BMW_i8Reward_2017_icon.ASTC_tex_0.png
BMW_LBi8RewardRecycled_2017;43;BMW_i8Reward_2017_icon.ASTC_tex_0.png
BMW_LBM4CoupeCrew_2014;44;BMW_M4Coupe_2014_icon.ASTC_tex_0.png
BMW_LBM4CoupeCrewRecycled_2014;44;BMW_M4Coupe_2014_icon.ASTC_tex_0.png
BMW_M2CoupeG87Reward_2023;45;BMW_M2CoupeG87Reward_2023_icon.ASTC_tex_1.png
BMW_M2CoupeG87RewardRecycled_2023;45;BMW_M2CoupeG87Reward_2023_icon.ASTC_tex_1.png
BMW_M2CSG87Reward_2025;46;BMW_M2CSG87Reward_2025_icon.ASTC_tex_0.png
BMW_M2CSG87RewardRecycled_2025;46;BMW_M2CSG87Reward_2025_icon.ASTC_tex_0.png
BMW_M2G87MPerformance_2023;45;BMW_M2CoupeG87Reward_2023_icon.ASTC_tex_1.png
BMW_M3CSTouringReward_2025;47;BMW_M3CSTouringReward_2025_icon.ASTC_tex_0.png
BMW_M3CSTouringRewardRecycled_2025;47;BMW_M3CSTouringReward_2025_icon.ASTC_tex_0.png
BMW_M3E92CoupeGTSReward_2011;48;BMW_M3E92CoupeGTSReward_2011_icon.ASTC_tex_1.png
BMW_M3E92CoupeGTSRewardRecycled_2011;48;BMW_M3E92CoupeGTSReward_2011_icon.ASTC_tex_1.png
BMW_M3TouringReward_2022;49;BMW_M3TouringReward_2022_icon.ASTC_tex_1.png
BMW_M3TouringRewardRecycled_2022;49;BMW_M3TouringReward_2022_icon.ASTC_tex_1.png
BMW_M4Coupe_2014;44;BMW_M4Coupe_2014_icon.ASTC_tex_0.png
BMW_M4CoupeMPerformance_2021;50;BMW_M4CoupeReward_2021_icon.ASTC_tex_1.png
BMW_M4CoupeReward_2021;50;BMW_M4CoupeReward_2021_icon.ASTC_tex_1.png
BMW_M4CoupeRewardRecycled_2021;50;BMW_M4CoupeReward_2021_icon.ASTC_tex_1.png
BMW_M4CSLReward_2022;51;BMW_M4CSLReward_2022_icon.ASTC_tex_1.png
BMW_M4CSLRewardRecycled_2022;51;BMW_M4CSLReward_2022_icon.ASTC_tex_1.png
BMW_M4GTS_2016;52;BMW_M4GTS_2016_icon.ASTC_tex_1.png
BMW_M5CompetitionReward_2019;53;BMW_M5CompetitionReward_2019_icon.ASTC_tex_0.png
BMW_M5CompetitionRewardRecycled_2019;53;BMW_M5CompetitionReward_2019_icon.ASTC_tex_0.png
BMW_M5CSReward_2022;53;BMW_M5CompetitionReward_2019_icon.ASTC_tex_0.png
BMW_M5CSRewardRecycled_2022;53;BMW_M5CompetitionReward_2019_icon.ASTC_tex_0.png
BMW_M5SedanReward_2024;54;BMW_M5SedanReward_2024_icon.ASTC_tex_0.png
BMW_M5SedanRewardRecycled_2024;54;BMW_M5SedanReward_2024_icon.ASTC_tex_0.png
BMW_M8Competition_2020;55;BMW_M8Reward_2020_icon.ASTC_tex_1.png
BMW_M8ConvertiblePride_2021;55;BMW_M8Reward_2020_icon.ASTC_tex_1.png
BMW_M8ConvertibleReward_2021;55;BMW_M8Reward_2020_icon.ASTC_tex_1.png
BMW_M8ConvertibleRewardRecycled_2021;55;BMW_M8Reward_2020_icon.ASTC_tex_1.png
BMW_M8Reward_2020;55;BMW_M8Reward_2020_icon.ASTC_tex_1.png
BMW_M8RewardRecycled_2020;55;BMW_M8Reward_2020_icon.ASTC_tex_1.png
BMW_RBM3E92Reward_2011;48;BMW_M3E92CoupeGTSReward_2011_icon.ASTC_tex_1.png
BMW_RBM3E92RewardRecycled_2011;48;BMW_M3E92CoupeGTSReward_2011_icon.ASTC_tex_1.png
BMW_VarisM4GTSReward_2016;52;BMW_M4GTS_2016_icon.ASTC_tex_1.png
BMW_VarisM4GTSRewardRecycled_2016;52;BMW_M4GTS_2016_icon.ASTC_tex_1.png
BMW_Z4_2019;42;BMW_ACSchnitzerZ4_2019_icon.ASTC_tex_1.png
Brabham_BT62_2019;56;Brabham_BT62_2019_icon.ASTC_tex_0.png
Brabham_BT62Evo_2019;56;Brabham_BT62_2019_icon.ASTC_tex_0.png
Brabham_BT62RReward_2020;56;Brabham_BT62_2019_icon.ASTC_tex_0.png
Brabham_BT62RRewardRecycled_2020;56;Brabham_BT62_2019_icon.ASTC_tex_0.png
Bugatti_AtlanticConcept_2015;57;Bugatti_AtlanticConcept_2015_icon.ASTC_tex_0.png
Bugatti_AtlanticConceptReward_2015;57;Bugatti_AtlanticConcept_2015_icon.ASTC_tex_0.png
Bugatti_AtlanticConceptRewardRecycled_2015;57;Bugatti_AtlanticConcept_2015_icon.ASTC_tex_0.png
Bugatti_Chiron42Seconds_2016;58;Bugatti_Chiron42Seconds_2016_icon.ASTC_tex_0.png
Bugatti_ChironProfilee_2022;59;Bugatti_ChironProfilee_2022_icon.ASTC_tex_0.png
Bugatti_ChironProjectHero_2016;58;Bugatti_Chiron42Seconds_2016_icon.ASTC_tex_0.png
Bugatti_ChironPurSportEditionGP_2022;59;Bugatti_ChironProfilee_2022_icon.ASTC_tex_0.png
Bugatti_ChironReward_2016;58;Bugatti_Chiron42Seconds_2016_icon.ASTC_tex_0.png
Bugatti_ChironRewardGold_2016;58;Bugatti_Chiron42Seconds_2016_icon.ASTC_tex_0.png
Bugatti_ChironRewardRecycled_2016;58;Bugatti_Chiron42Seconds_2016_icon.ASTC_tex_0.png
Bugatti_ChironRLB_2020;59;Bugatti_ChironProfilee_2022_icon.ASTC_tex_0.png
Bugatti_ChironRMS_2020;59;Bugatti_ChironProfilee_2022_icon.ASTC_tex_0.png
Bugatti_ChironSport110_2018;58;Bugatti_Chiron42Seconds_2016_icon.ASTC_tex_0.png
Bugatti_ChironSport_2016;58;Bugatti_Chiron42Seconds_2016_icon.ASTC_tex_0.png
Bugatti_ChironSuperSport_2022;60;Bugatti_ChironSuperSport_2022_icon.ASTC_tex_1.png
Bugatti_ChironSuperSportWRE_2020;60;Bugatti_ChironSuperSport_2022_icon.ASTC_tex_1.png
Bugatti_Divo110_2019;61;Bugatti_Divo110_2019_icon.ASTC_tex_0.png
Bugatti_Divo_2019;61;Bugatti_Divo110_2019_icon.ASTC_tex_0.png
Bugatti_DivoGold_2019;61;Bugatti_Divo110_2019_icon.ASTC_tex_0.png
Bugatti_EB110HomageLB_2019;62;Bugatti_EB110HomageLB_2019_icon.ASTC_tex_0.png
Bugatti_EB110HomageMS_2019;62;Bugatti_EB110HomageLB_2019_icon.ASTC_tex_0.png
Bugatti_VeyronGrandSportVitesse_2012;63;Bugatti_VeyronGrandSportVitesse_2012_icon.ASTC_tex_0.png
Bugatti_VeyronGrandSportVitesseAndroid_2012;63;Bugatti_VeyronGrandSportVitesse_2012_icon.ASTC_tex_0.png
Bugatti_VeyronGrandSportVitesseiOS_2012;63;Bugatti_VeyronGrandSportVitesse_2012_icon.ASTC_tex_0.png
Bugatti_VeyronGrandSportVitesseWRE_2012;63;Bugatti_VeyronGrandSportVitesse_2012_icon.ASTC_tex_0.png
Bugatti_VeyronSuperSport_2012;64;Bugatti_VeyronSuperSport_2012_icon.ASTC_tex_1.png
Bugatti_VeyronSuperSportGold_2012;64;Bugatti_VeyronSuperSport_2012_icon.ASTC_tex_1.png
Bugatti_W16Mistral_2023;65;Bugatti_W16Mistral_2023_icon.ASTC_tex_0.png
Bugatti_W16MistralReward_2023;65;Bugatti_W16Mistral_2023_icon.ASTC_tex_0.png
Bugatti_W16MistralRewardRecycled_2023;65;Bugatti_W16Mistral_2023_icon.ASTC_tex_0.png
Bugatti_W16MistralWRE_2024;65;Bugatti_W16Mistral_2023_icon.ASTC_tex_0.png
Bugatti_X16_2024;66;Bugatti_X16_2024_icon.ASTC_tex_0.png
Bugatti_X16Gold_2024;66;Bugatti_X16_2024_icon.ASTC_tex_0.png
Cadillac_CT5VBlackwingReward_2022;67;Cadillac_CT5VBlackwingReward_2022_icon.ASTC_tex_1.png
Cadillac_CT5VBlackwingRewardRecycled_2022;67;Cadillac_CT5VBlackwingReward_2022_icon.ASTC_tex_1.png
Cadillac_CTSVReward_2017;68;Cadillac_CTSVReward_2017_icon.ASTC_tex_0.png
Cadillac_CTSVRewardRecycled_2017;68;Cadillac_CTSVReward_2017_icon.ASTC_tex_0.png
Chevrolet_AlphaSixCamaroSSCrew_2016;69;Chevrolet_AlphaSixCamaroSSCrew_2016_icon.ASTC_tex_0.png
Chevrolet_AlphaSixCamaroSSCrewRecycled_2016;69;Chevrolet_AlphaSixCamaroSSCrew_2016_icon.ASTC_tex_0.png
Chevrolet_C10Halloween_2016;70;Chevrolet_C10Halloween_2016_icon.ASTC_tex_0.png
Chevrolet_C10Reward_2016;70;Chevrolet_C10Halloween_2016_icon.ASTC_tex_0.png
Chevrolet_C10RewardRecycled_2016;70;Chevrolet_C10Halloween_2016_icon.ASTC_tex_0.png
Chevrolet_C10RewardVIP_2016;70;Chevrolet_C10Halloween_2016_icon.ASTC_tex_0.png
Chevrolet_CamaroZL11LEReward_2018;71;Chevrolet_CamaroZL11LEReward_2018_icon.ASTC_tex_1.png
Chevrolet_CamaroZL11LERewardRecycled_2018;71;Chevrolet_CamaroZL11LEReward_2018_icon.ASTC_tex_1.png
Chevrolet_CamaroZL1Crew_2017;72;Chevrolet_CamaroZL1Crew_2017_icon.ASTC_tex_1.png
Chevrolet_CamaroZL1CrewRecycled_2017;72;Chevrolet_CamaroZL1Crew_2017_icon.ASTC_tex_1.png
Chevrolet_COPOCamaroReward_2019;73;Chevrolet_COPOCamaroReward_2019_icon.ASTC_tex_0.png
Chevrolet_COPOCamaroRewardEvo_2019;73;Chevrolet_COPOCamaroReward_2019_icon.ASTC_tex_0.png
Chevrolet_COPOCamaroRewardRecycled_2019;73;Chevrolet_COPOCamaroReward_2019_icon.ASTC_tex_0.png
Chevrolet_CorvetteC7REditionReward_2015;74;Chevrolet_CorvetteC7REditionReward_2015_icon.ASTC_tex_0.png
Chevrolet_CorvetteC7REditionRewardRecycled_2015;74;Chevrolet_CorvetteC7REditionReward_2015_icon.ASTC_tex_0.png
Chevrolet_CorvetteC8Convertible_2020;75;Chevrolet_CorvetteC8Reward_2020_icon.ASTC_tex_0.png
Chevrolet_CorvetteC8Reward_2020;75;Chevrolet_CorvetteC8Reward_2020_icon.ASTC_tex_0.png
Chevrolet_CorvetteC8RewardRecycled_2020;75;Chevrolet_CorvetteC8Reward_2020_icon.ASTC_tex_0.png
Chevrolet_CorvetteC8RLB_2020;76;Chevrolet_CorvetteC8RLB_2020_icon.ASTC_tex_0.png
Chevrolet_CorvetteC8RMS_2020;76;Chevrolet_CorvetteC8RLB_2020_icon.ASTC_tex_0.png
Chevrolet_CorvetteC8ZR1_2024;77;Chevrolet_CorvetteC8ZR1_2024_icon.ASTC_tex_0.png
Chevrolet_CorvetteC8ZR1Reward_2024;77;Chevrolet_CorvetteC8ZR1_2024_icon.ASTC_tex_0.png
Chevrolet_CorvetteC8ZR1RewardRecycled_2024;77;Chevrolet_CorvetteC8ZR1_2024_icon.ASTC_tex_0.png
Chevrolet_CorvetteZ06C8CReward_2023;78;Chevrolet_CorvetteZ06Reward_2023_icon.ASTC_tex_0.png
Chevrolet_CorvetteZ06C8CRewardRecycled_2023;78;Chevrolet_CorvetteZ06Reward_2023_icon.ASTC_tex_0.png
Chevrolet_CorvetteZ06Reward_2023;78;Chevrolet_CorvetteZ06Reward_2023_icon.ASTC_tex_0.png
Chevrolet_CorvetteZ06RewardRecycled_2023;78;Chevrolet_CorvetteZ06Reward_2023_icon.ASTC_tex_0.png
Chevrolet_CorvetteZ06Z07Package_2023;78;Chevrolet_CorvetteZ06Reward_2023_icon.ASTC_tex_0.png
Chevrolet_CorvetteZR1Reward_2018;79;Chevrolet_CorvetteZR1Reward_2018_icon.ASTC_tex_1.png
Chevrolet_CorvetteZR1RewardRecycled_2018;79;Chevrolet_CorvetteZR1Reward_2018_icon.ASTC_tex_1.png
Chevrolet_CorvetteZR1SH1_2018;79;Chevrolet_CorvetteZR1Reward_2018_icon.ASTC_tex_1.png
Chevrolet_DutchboysCamaroLB_1969;80;Chevrolet_DutchboysCamaroLB_1969_icon.ASTC_tex_0.png
Chevrolet_DutchboysCamaroMS_1969;80;Chevrolet_DutchboysCamaroLB_1969_icon.ASTC_tex_0.png
Chevrolet_GreeningCamaroIROCZ_1985;81;Chevrolet_GreeningCamaroIROCZ_1985_icon.ASTC_tex_0.png
Chevrolet_HSCustomsCamaroReward_2016;82;Chevrolet_HSCustomsCamaroReward_2016_icon.ASTC_tex_1.png
Chevrolet_HSCustomsCamaroRewardRecycled_2016;82;Chevrolet_HSCustomsCamaroReward_2016_icon.ASTC_tex_1.png
Chevrolet_KellySonBelAir_1957;83;Chevrolet_KellySonBelAir_1957_icon.ASTC_tex_1.png
Chevrolet_LBCamaroIROCZReward_1987;81;Chevrolet_GreeningCamaroIROCZ_1985_icon.ASTC_tex_0.png
Chevrolet_LBCamaroIROCZRewardRecycled_1987;81;Chevrolet_GreeningCamaroIROCZ_1985_icon.ASTC_tex_0.png
Chevrolet_LMCorvetteZ06Reward_2023;78;Chevrolet_CorvetteZ06Reward_2023_icon.ASTC_tex_0.png
Chevrolet_LMCorvetteZ06RewardRecycled_2023;78;Chevrolet_CorvetteZ06Reward_2023_icon.ASTC_tex_0.png
Chevrolet_NASCARCamaroZL1_2020;84;Chevrolet_NASCARCamaroZL1_2020_icon.ASTC_tex_1.png
Chevrolet_NASCARCamaroZL1JE_2020;84;Chevrolet_NASCARCamaroZL1_2020_icon.ASTC_tex_1.png
Chevrolet_PickUpVerminsDiner_1936;85;Chevrolet_PickUpVerminsDiner_1936_icon.ASTC_tex_0.png
Chevrolet_PickUpVerminsDinerOG_1936;85;Chevrolet_PickUpVerminsDiner_1936_icon.ASTC_tex_0.png
Chevrolet_QuintinBrotherCamaroReward_1968;86;Chevrolet_QuintinBrotherCamaroReward_1968_icon.ASTC_tex_1.png
Chevrolet_QuintinBrotherCamaroRewardRecycled_1968;86;Chevrolet_QuintinBrotherCamaroReward_1968_icon.ASTC_tex_1.png
Chevrolet_RBCorvetteC8StingrayReward_2020;75;Chevrolet_CorvetteC8Reward_2020_icon.ASTC_tex_0.png
Chevrolet_RBCorvetteC8StingrayRewardRecycled_2020;75;Chevrolet_CorvetteC8Reward_2020_icon.ASTC_tex_0.png
Chevrolet_RingbrothersCamaro_1969;87;Chevrolet_RingbrothersCamaro_1969_icon.ASTC_tex_1.png
Chevrolet_RingbrothersCamaroUSA_1969;87;Chevrolet_RingbrothersCamaro_1969_icon.ASTC_tex_1.png
Chevrolet_WolfeKustomsBelAir_1957;83;Chevrolet_KellySonBelAir_1957_icon.ASTC_tex_1.png
Czinger_21C_2021;88;Czinger_21C_2021_icon.ASTC_tex_1.png
Czinger_21CGold_2021;88;Czinger_21C_2021_icon.ASTC_tex_1.png
Czinger_21CVMax_2023;88;Czinger_21C_2021_icon.ASTC_tex_1.png
Dallara_EXP_2021;89;Dallara_Stradale_2019_icon.ASTC_tex_0.png
Dallara_Stradale_2019;89;Dallara_Stradale_2019_icon.ASTC_tex_0.png
Dodge_ChallengerMoparDragPak_2021;90;Dodge_ChallengerMoparDragPak_2021_icon.ASTC_tex_1.png
Dodge_ChallengerMoparDragPakGold_2021;90;Dodge_ChallengerMoparDragPak_2021_icon.ASTC_tex_1.png
Dodge_ChallengerSRTDemonReward_2018;91;Dodge_HPE1200Demon_2018_icon.ASTC_tex_1.png
Dodge_ChallengerSRTDemonRewardRecycled_2018;91;Dodge_HPE1200Demon_2018_icon.ASTC_tex_1.png
Dodge_ChallengerSRTHellcat_2015;92;Dodge_ChallengerSRTHellcat_2015_icon.ASTC_tex_1.png
Dodge_ChallengerSRTHellcatReward_2015;92;Dodge_ChallengerSRTHellcat_2015_icon.ASTC_tex_1.png
Dodge_ChallengerSRTHellcatRewardRecycled_2015;92;Dodge_ChallengerSRTHellcat_2015_icon.ASTC_tex_1.png
Dodge_ChallengerSRTSuperStockReward_2021;93;Dodge_ChallengerSRTSuperStockReward_2021_icon.ASTC_tex_0.png
Dodge_ChallengerSRTSuperStockRewardRecycled_2021;93;Dodge_ChallengerSRTSuperStockReward_2021_icon.ASTC_tex_0.png
Dodge_ChargerHellcat_2020;94;Dodge_ChargerHellcat_2020_icon.ASTC_tex_1.png
Dodge_ChargerHellcatDaytona50th_2020;94;Dodge_ChargerHellcat_2020_icon.ASTC_tex_1.png
Dodge_ChargerHellcatRedeyeReward_2021;95;Dodge_ChargerHellcatRedeyeReward_2021_icon.ASTC_tex_1.png
Dodge_ChargerHellcatRedeyeRewardRecycled_2021;95;Dodge_ChargerHellcatRedeyeReward_2021_icon.ASTC_tex_1.png
Dodge_ChargerRTF1_1970;96;Dodge_ChargerRTF1_1970_icon.ASTC_tex_1.png
Dodge_ChargerRTF4_1970;96;Dodge_ChargerRTF1_1970_icon.ASTC_tex_1.png
Dodge_ChargerSixpackReward_2025;97;
Dodge_ChargerSixpackRewardRecycled_2025;97;
Dodge_HPE1200Demon_2018;91;Dodge_HPE1200Demon_2018_icon.ASTC_tex_1.png
Dodge_HPE1200DemonGold_2018;91;Dodge_HPE1200Demon_2018_icon.ASTC_tex_1.png
Dodge_SRTDemon170Reward_2023;91;Dodge_HPE1200Demon_2018_icon.ASTC_tex_1.png
Dodge_SRTDemon170RewardRecycled_2023;91;Dodge_HPE1200Demon_2018_icon.ASTC_tex_1.png
Dodge_ViperACRExtremeAeroPackage_2016;98;Dodge_ViperACRExtremeAeroPackage_2016_icon.ASTC_tex_0.png
Dodge_ViperACRReward_2016;99;Dodge_ViperACRReward_2016_icon.ASTC_tex_0.png
Dodge_ViperACRRewardRecycled_2016;99;Dodge_ViperACRReward_2016_icon.ASTC_tex_0.png
Dodge_ViperACRVoodooII_2016;98;Dodge_ViperACRExtremeAeroPackage_2016_icon.ASTC_tex_0.png
Dodge_ViperGTS_2015;100;Dodge_ViperGTS_2015_icon.ASTC_tex_0.png
Dodge_ViperSnakeskinEditionGTC_2017;100;Dodge_ViperGTS_2015_icon.ASTC_tex_0.png
Donkervoort_D8GTOReward_2015;101;Donkervoort_D8GTOReward_2015_icon.ASTC_tex_0.png
Donkervoort_D8GTORewardRecycled_2015;101;Donkervoort_D8GTOReward_2015_icon.ASTC_tex_0.png
Ferrari_12CilindriReward_2024;102;Ferrari_12CilindriReward_2024_icon.ASTC_tex_0.png
Ferrari_12CilindriRewardRecycled_2024;102;Ferrari_12CilindriReward_2024_icon.ASTC_tex_0.png
Ferrari_12CilindriSpiderReward_2024;102;Ferrari_12CilindriReward_2024_icon.ASTC_tex_0.png
Ferrari_12CilindriSpiderRewardRecycled_2024;102;Ferrari_12CilindriReward_2024_icon.ASTC_tex_0.png
Ferrari_296GTB_2022;103;Ferrari_296GTB_2022_icon.ASTC_tex_0.png
Ferrari_296GTBAssettoFiorano_2022;103;Ferrari_296GTB_2022_icon.ASTC_tex_0.png
Ferrari_296GTSReward_2023;103;Ferrari_296GTB_2022_icon.ASTC_tex_0.png
Ferrari_296GTSRewardRecycled_2023;103;Ferrari_296GTB_2022_icon.ASTC_tex_0.png
Ferrari_488PistaReward_2019;104;Ferrari_488PistaReward_2019_icon.ASTC_tex_1.png
Ferrari_488PistaRewardRecycled_2019;104;Ferrari_488PistaReward_2019_icon.ASTC_tex_1.png
Ferrari_488PistaSpiderReward_2019;104;Ferrari_488PistaReward_2019_icon.ASTC_tex_1.png
Ferrari_488PistaSpiderRewardRecycled_2019;104;Ferrari_488PistaReward_2019_icon.ASTC_tex_1.png
Ferrari_599GTOReward_2010;105;Ferrari_599GTOReward_2010_icon.ASTC_tex_0.png
Ferrari_599GTORewardRecycled_2010;105;Ferrari_599GTOReward_2010_icon.ASTC_tex_0.png
Ferrari_599XXReward_2010;106;
Ferrari_599XXRewardRecycled_2010;106;
Ferrari_812Competizione_2021;107;Ferrari_812Competizione_2021_icon.ASTC_tex_1.png
Ferrari_812CompetizioneReward_2021;107;Ferrari_812Competizione_2021_icon.ASTC_tex_1.png
Ferrari_812CompetizioneRewardRecycled_2021;107;Ferrari_812Competizione_2021_icon.ASTC_tex_1.png
Ferrari_812GTSReward_2020;107;Ferrari_812Competizione_2021_icon.ASTC_tex_1.png
Ferrari_812GTSRewardRecycled_2020;107;Ferrari_812Competizione_2021_icon.ASTC_tex_1.png
Ferrari_812SuperfastReward_2018;107;Ferrari_812Competizione_2021_icon.ASTC_tex_1.png
Ferrari_812SuperfastRewardRecycled_2018;107;Ferrari_812Competizione_2021_icon.ASTC_tex_1.png
Ferrari_AmalfiReward_2027;108;
Ferrari_AmalfiRewardRecycled_2027;108;
Ferrari_California30Reward_2012;109;Ferrari_California30Reward_2012_icon.ASTC_tex_1.png
Ferrari_California30RewardRecycled_2012;109;Ferrari_California30Reward_2012_icon.ASTC_tex_1.png
Ferrari_Enzo_2002;110;Ferrari_Enzo_2002_icon.ASTC_tex_0.png
Ferrari_EnzoGold_2002;110;Ferrari_Enzo_2002_icon.ASTC_tex_0.png
Ferrari_F12tdfReward_2016;111;Ferrari_F12tdfReward_2016_icon.ASTC_tex_0.png
Ferrari_F12tdfRewardRecycled_2016;111;Ferrari_F12tdfReward_2016_icon.ASTC_tex_0.png
Ferrari_F40Reward_1987;112;Ferrari_F40Reward_1987_icon.ASTC_tex_0.png
Ferrari_F40RewardRecycled_1987;112;Ferrari_F40Reward_1987_icon.ASTC_tex_0.png
Ferrari_F50Crew_1995;113;Ferrari_F50Crew_1995_icon.ASTC_tex_1.png
Ferrari_F50CrewRecycled_1995;113;Ferrari_F50Crew_1995_icon.ASTC_tex_1.png
Ferrari_F8SpiderReward_2020;114;Ferrari_F8SpiderReward_2020_icon.ASTC_tex_1.png
Ferrari_F8SpiderRewardRecycled_2020;114;Ferrari_F8SpiderReward_2020_icon.ASTC_tex_1.png
Ferrari_F8TributoReward_2020;114;Ferrari_F8SpiderReward_2020_icon.ASTC_tex_1.png
Ferrari_F8TributoRewardRecycled_2020;114;Ferrari_F8SpiderReward_2020_icon.ASTC_tex_1.png
Ferrari_FXXEvoluzione_2008;110;Ferrari_Enzo_2002_icon.ASTC_tex_0.png
Ferrari_FXXKReward_2014;115;Ferrari_FXXKReward_2014_icon.ASTC_tex_0.png
Ferrari_FXXKRewardRecycled_2014;115;Ferrari_FXXKReward_2014_icon.ASTC_tex_0.png
Ferrari_GTC4LussoReward_2016;116;Ferrari_GTC4LussoReward_2016_icon.ASTC_tex_0.png
Ferrari_GTC4LussoRewardRecycled_2016;116;Ferrari_GTC4LussoReward_2016_icon.ASTC_tex_0.png
Ferrari_LaFerrari_2014;117;Ferrari_LaFerrari_2014_icon.ASTC_tex_1.png
Ferrari_LaFerrariAperta70thAnniversary_2017;117;Ferrari_LaFerrari_2014_icon.ASTC_tex_1.png
Ferrari_LaFerrariAperta_2017;117;Ferrari_LaFerrari_2014_icon.ASTC_tex_1.png
Ferrari_MonzaReward_2019;118;Ferrari_MonzaReward_2019_icon.ASTC_tex_0.png
Ferrari_MonzaRewardRecycled_2019;118;Ferrari_MonzaReward_2019_icon.ASTC_tex_0.png
Ferrari_PortofinoReward_2018;119;Ferrari_PortofinoReward_2018_icon.ASTC_tex_1.png
Ferrari_PortofinoRewardRecycled_2018;119;Ferrari_PortofinoReward_2018_icon.ASTC_tex_1.png
Ferrari_PurosangueReward_2023;120;Ferrari_PurosangueReward_2023_icon.ASTC_tex_0.png
Ferrari_PurosangueRewardRecycled_2023;120;Ferrari_PurosangueReward_2023_icon.ASTC_tex_0.png
Ferrari_RomaReward_2020;121;Ferrari_RomaReward_2020_icon.ASTC_tex_1.png
Ferrari_RomaRewardRecycled_2020;121;Ferrari_RomaReward_2020_icon.ASTC_tex_1.png
Ferrari_SF90SpiderReward_2021;122;Ferrari_SF90SpiderReward_2021_icon.ASTC_tex_1.png
Ferrari_SF90SpiderRewardRecycled_2021;122;Ferrari_SF90SpiderReward_2021_icon.ASTC_tex_1.png
Ferrari_SF90Stradale_2020;122;Ferrari_SF90SpiderReward_2021_icon.ASTC_tex_1.png
Ferrari_SF90StradaleAssettoFiorano_2021;122;Ferrari_SF90SpiderReward_2021_icon.ASTC_tex_1.png
Ferrari_SF90StradaleAssettoFioranoF175_2021;122;Ferrari_SF90SpiderReward_2021_icon.ASTC_tex_1.png
Ferrari_SF90StradaleGold_2020;122;Ferrari_SF90SpiderReward_2021_icon.ASTC_tex_1.png
Ferrari_SF90XXSpiderReward_2024;123;Ferrari_SF90XXSpiderReward_2024_icon.ASTC_tex_1.png
Ferrari_SF90XXSpiderRewardRecycled_2024;123;Ferrari_SF90XXSpiderReward_2024_icon.ASTC_tex_1.png
FnF_SupraMKIVF2_1994;124;FnF_SupraMKIVF2_1994_icon.ASTC_tex_1.png
Ford_Durty30_2016;125;Ford_Durty30_2016_icon.ASTC_tex_0.png
Ford_Durty30Gold_2016;125;Ford_Durty30_2016_icon.ASTC_tex_0.png
Ford_FocusSTCrew_2014;126;
Ford_FocusSTCrewRecycled_2014;126;
Ford_GT_2005;127;Ford_GT_2005_icon.ASTC_tex_1.png
Ford_GTDaytonaHeritageEdition_2021;128;Ford_GTReward_2017_icon.ASTC_tex_0.png
Ford_GTHeritageEdition_2005;127;Ford_GT_2005_icon.ASTC_tex_1.png
Ford_GTHeritageEdition_2017;128;Ford_GTReward_2017_icon.ASTC_tex_0.png
Ford_GTReward_2017;128;Ford_GTReward_2017_icon.ASTC_tex_0.png
Ford_GTRewardRecycled66_2017;128;Ford_GTReward_2017_icon.ASTC_tex_0.png
Ford_GTRewardRecycled_2017;128;Ford_GTReward_2017_icon.ASTC_tex_0.png
Ford_MustangCobraJet_2019;129;Ford_MustangCobraJet_2019_icon.ASTC_tex_0.png
Ford_MustangCobraJetVIP_2019;129;Ford_MustangCobraJet_2019_icon.ASTC_tex_0.png
Ford_MustangDarkHorse_2024;130;Ford_MustangDarkHorse_2024_icon.ASTC_tex_0.png
Ford_MustangDarkHorseSCReward_2025;131;
Ford_MustangDarkHorseSCRewardRecycled_2025;131;
Ford_MustangGT_2024;130;Ford_MustangDarkHorse_2024_icon.ASTC_tex_0.png
Ford_MustangGTHoonicornV1_1965;132;Ford_MustangGTHoonicornV1_1965_icon.ASTC_tex_1.png
Ford_MustangGTHoonicornV2_1965;132;Ford_MustangGTHoonicornV1_1965_icon.ASTC_tex_1.png
Ford_MustangMachEGTReward_2021;133;Ford_MustangMachEGTReward_2021_icon.ASTC_tex_0.png
Ford_MustangMachEGTRewardRecycled_2021;133;Ford_MustangMachEGTReward_2021_icon.ASTC_tex_0.png
Ford_MustangRTRSpec3_2019;134;Ford_MustangRTRSpec3_2019_icon.ASTC_tex_1.png
Ford_MustangShelbyGT500Reward_2019;135;Ford_MustangShelbyGT500Reward_2019_icon.ASTC_tex_1.png
Ford_MustangShelbyGT500RewardRecycled_2019;135;Ford_MustangShelbyGT500Reward_2019_icon.ASTC_tex_1.png
Ford_ROUSHStage3Mustang_2019;134;Ford_MustangRTRSpec3_2019_icon.ASTC_tex_1.png
Ford_WeaverCustomsModelALB_1931;136;Ford_WeaverCustomsModelALB_1931_icon.ASTC_tex_0.png
Ford_WeaverCustomsModelAMS_1931;136;Ford_WeaverCustomsModelALB_1931_icon.ASTC_tex_0.png
Ginetta_Akula_2019;137;Ginetta_Akula_2019_icon.ASTC_tex_1.png
Ginetta_AkulaGold_2019;137;Ginetta_Akula_2019_icon.ASTC_tex_1.png
GTA_SpanoCrew_2015;138;GTA_SpanoCrew_2015_icon.ASTC_tex_0.png
GTA_SpanoCrewRecycled_2015;138;GTA_SpanoCrew_2015_icon.ASTC_tex_0.png
Hennessey_CamaroExorcistReward_2017;139;Hennessey_CamaroExorcistReward_2017_icon.ASTC_tex_0.png
Hennessey_CamaroExorcistRewardRecycled_2017;139;Hennessey_CamaroExorcistReward_2017_icon.ASTC_tex_0.png
Hennessey_CamaroTheResurrection_2017;139;Hennessey_CamaroExorcistReward_2017_icon.ASTC_tex_0.png
Hennessey_VenomF5_2020;140;Hennessey_VenomF5_2020_icon.ASTC_tex_0.png
Hennessey_VenomF5_2021;140;Hennessey_VenomF5_2020_icon.ASTC_tex_0.png
Hennessey_VenomF5Gold_2020;140;Hennessey_VenomF5_2020_icon.ASTC_tex_0.png
Hennessey_VenomF5Revolution_2023;140;Hennessey_VenomF5_2020_icon.ASTC_tex_0.png
Hennessey_VenomF5RoadsterReward_2023;140;Hennessey_VenomF5_2020_icon.ASTC_tex_0.png
Hennessey_VenomF5RoadsterRewardRecycled_2023;140;Hennessey_VenomF5_2020_icon.ASTC_tex_0.png
Hennessey_VenomGT_2012;141;Hennessey_VenomGT_2012_icon.ASTC_tex_1.png
Hennessey_VenomGTSpyderReward_2016;141;Hennessey_VenomGT_2012_icon.ASTC_tex_1.png
Hennessey_VenomGTSpyderRewardGold_2016;141;Hennessey_VenomGT_2012_icon.ASTC_tex_1.png
Hennessey_VenomGTSpyderRewardRecycled_2016;141;Hennessey_VenomGT_2012_icon.ASTC_tex_1.png
Honda_AIMGAINGTNSXEvo_2017;1;Honda_AIMGAINGTNSXReward_2017_icon.ASTC_tex_1.png
Honda_AIMGAINGTNSXReward_2017;1;Honda_AIMGAINGTNSXReward_2017_icon.ASTC_tex_1.png
Honda_AIMGAINGTNSXRewardRecycled_2017;1;Honda_AIMGAINGTNSXReward_2017_icon.ASTC_tex_1.png
Honda_CivicTypeRReward_2023;142;Honda_CivicTypeRReward_2023_icon.ASTC_tex_1.png
Honda_CivicTypeRRewardRecycled_2023;142;Honda_CivicTypeRReward_2023_icon.ASTC_tex_1.png
Honda_LBNSXReward_2017;1;Honda_AIMGAINGTNSXReward_2017_icon.ASTC_tex_1.png
Honda_LBNSXRewardRecycled_2017;1;Honda_AIMGAINGTNSXReward_2017_icon.ASTC_tex_1.png
Honda_NSXLBWorksReward_1992;143;Honda_NSXLBWorksReward_1992_icon.ASTC_tex_1.png
Honda_NSXLBWorksRewardRecycled_1992;143;Honda_NSXLBWorksReward_1992_icon.ASTC_tex_1.png
Honda_NSXReward_2017;1;Honda_AIMGAINGTNSXReward_2017_icon.ASTC_tex_1.png
Honda_NSXRewardRecycled_2017;1;Honda_AIMGAINGTNSXReward_2017_icon.ASTC_tex_1.png
Honda_S2000F1_2001;144;Honda_S2000F1_2001_icon.ASTC_tex_1.png
Honda_S2000F2_2001;144;Honda_S2000F1_2001_icon.ASTC_tex_1.png
Honda_VarisS2000Reward_2005;145;
Honda_VarisS2000RewardRecycled_2005;145;
Honda_VeilsideNSXReward_1995;143;Honda_NSXLBWorksReward_1992_icon.ASTC_tex_1.png
Honda_VeilsideNSXRewardRecycled_1995;143;Honda_NSXLBWorksReward_1992_icon.ASTC_tex_1.png
Hyundai_ElantraNReward_2022;146;Hyundai_ElantraNReward_2022_icon.ASTC_tex_0.png
Hyundai_ElantraNRewardRecycled_2022;146;Hyundai_ElantraNReward_2022_icon.ASTC_tex_0.png
Hyundai_IONIQ5NNPX1Reward_2024;147;Hyundai_Ioniq5NReward_2023_icon.ASTC_tex_0.png
Hyundai_IONIQ5NNPX1RewardRecycled_2024;147;Hyundai_Ioniq5NReward_2023_icon.ASTC_tex_0.png
Hyundai_Ioniq5NReward_2023;147;Hyundai_Ioniq5NReward_2023_icon.ASTC_tex_0.png
Hyundai_Ioniq5NRewardRecycled_2023;147;Hyundai_Ioniq5NReward_2023_icon.ASTC_tex_0.png
Hyundai_IONIQ6NReward_2025;148;Hyundai_IONIQ6NReward_2025_icon.ASTC_tex_0.png
Hyundai_IONIQ6NRewardRecycled_2025;148;Hyundai_IONIQ6NReward_2025_icon.ASTC_tex_0.png
Infiniti_Q60ProjectBlackSReward_2018;149;Infiniti_Q60ProjectBlackSReward_2018_icon.ASTC_tex_1.png
Infiniti_Q60ProjectBlackSRewardRecycled_2018;149;Infiniti_Q60ProjectBlackSReward_2018_icon.ASTC_tex_1.png
Italdesign_ZerounoDuerta_2018;150;Italdesign_ZerounoDuerta_2018_icon.ASTC_tex_1.png
Italdesign_ZerounoReward_2017;150;Italdesign_ZerounoDuerta_2018_icon.ASTC_tex_1.png
Italdesign_ZerounoRewardRecycled_2017;150;Italdesign_ZerounoDuerta_2018_icon.ASTC_tex_1.png
Jaguar_CX75PrototypeReward_2013;151;Jaguar_CX75PrototypeReward_2013_icon.ASTC_tex_1.png
Jaguar_CX75PrototypeRewardRecycled_2013;151;Jaguar_CX75PrototypeReward_2013_icon.ASTC_tex_1.png
Jaguar_FTYPERConvertibleReward_2021;152;Jaguar_FTYPERConvertibleReward_2021_icon.ASTC_tex_1.png
Jaguar_FTYPERConvertibleRewardRecycled_2021;152;Jaguar_FTYPERConvertibleReward_2021_icon.ASTC_tex_1.png
Jaguar_FTypeSVRCoupeReward_2019;153;Jaguar_FTypeSVRCoupeReward_2019_icon.ASTC_tex_0.png
Jaguar_FTypeSVRCoupeRewardRecycled_2019;153;Jaguar_FTypeSVRCoupeReward_2019_icon.ASTC_tex_0.png
Jaguar_Project7VIP_2016;153;Jaguar_FTypeSVRCoupeReward_2019_icon.ASTC_tex_0.png
Jaguar_XESVProject8F9_2018;154;Jaguar_XESVProject8F9_2018_icon.ASTC_tex_0.png
Jaguar_XESVProject8Reward_2018;154;Jaguar_XESVProject8F9_2018_icon.ASTC_tex_0.png
Jaguar_XESVProject8RewardRecycled_2018;154;Jaguar_XESVProject8F9_2018_icon.ASTC_tex_0.png
Jeep_GladiatorReward_2019;155;Jeep_GladiatorReward_2019_icon.ASTC_tex_1.png
Jeep_GladiatorRewardRecycled_2019;155;Jeep_GladiatorReward_2019_icon.ASTC_tex_1.png
Jeep_GrandCherokeeTrackhawk_2018;156;Jeep_GrandCherokeeTrackhawk_2018_icon.ASTC_tex_1.png
Jeep_GrandCherokeeTrackhawkF9_2018;156;Jeep_GrandCherokeeTrackhawk_2018_icon.ASTC_tex_1.png
Kimera_EVO37_2022;157;Kimera_EVO37_2022_icon.ASTC_tex_1.png
Kimera_EVO37Gold_2022;157;Kimera_EVO37_2022_icon.ASTC_tex_1.png
Kimera_EVO37Martini_2024;157;Kimera_EVO37_2022_icon.ASTC_tex_1.png
Koenigsegg_AgeraRSReward_2017;158;Koenigsegg_AgeraRSReward_2017_icon.ASTC_tex_0.png
Koenigsegg_AgeraRSRewardRecycled_2017;158;Koenigsegg_AgeraRSReward_2017_icon.ASTC_tex_0.png
Koenigsegg_Gemera_2021;159;Koenigsegg_Gemera_2021_icon.ASTC_tex_1.png
Koenigsegg_GemeraLE_2021;159;Koenigsegg_Gemera_2021_icon.ASTC_tex_1.png
Koenigsegg_Jesko_2020;160;Koenigsegg_Jesko_2020_icon.ASTC_tex_1.png
Koenigsegg_JeskoAbsolut_2021;160;Koenigsegg_Jesko_2020_icon.ASTC_tex_1.png
Koenigsegg_JeskoGold_2020;160;Koenigsegg_Jesko_2020_icon.ASTC_tex_1.png
Koenigsegg_JeskoRoofless_2020;160;Koenigsegg_Jesko_2020_icon.ASTC_tex_1.png
Koenigsegg_RegeraHalloween_2016;161;Koenigsegg_RegeraReward_2016_icon.ASTC_tex_1.png
Koenigsegg_RegeraReward_2016;161;Koenigsegg_RegeraReward_2016_icon.ASTC_tex_1.png
Koenigsegg_RegeraRewardGold_2016;161;Koenigsegg_RegeraReward_2016_icon.ASTC_tex_1.png
Koenigsegg_RegeraRewardRecycled_2016;161;Koenigsegg_RegeraReward_2016_icon.ASTC_tex_1.png
KTM_XBowRReward_2011;162;KTM_XBowRReward_2011_icon.ASTC_tex_0.png
KTM_XBowRRewardRecycled_2011;162;KTM_XBowRReward_2011_icon.ASTC_tex_0.png
Lamborghini_AventadorSJReward_2021;163;Lamborghini_AventadorSJReward_2021_icon.ASTC_tex_1.png
Lamborghini_AventadorSJRewardRecycled_2021;163;Lamborghini_AventadorSJReward_2021_icon.ASTC_tex_1.png
Lamborghini_AventadorSVJReward_2019;164;Lamborghini_AventadorSVJReward_2019_icon.ASTC_tex_0.png
Lamborghini_AventadorSVJRewardRecycled_2019;164;Lamborghini_AventadorSVJReward_2019_icon.ASTC_tex_0.png
Lamborghini_AventadorSVJRoadster_2020;164;Lamborghini_AventadorSVJReward_2019_icon.ASTC_tex_0.png
Lamborghini_AventadorSVJRoadsterReward_2020;164;Lamborghini_AventadorSVJReward_2019_icon.ASTC_tex_0.png
Lamborghini_AventadorSVJRoadsterRewardRecycled_2020;164;Lamborghini_AventadorSVJReward_2019_icon.ASTC_tex_0.png
Lamborghini_Centenario_2017;165;Lamborghini_Centenario_2017_icon.ASTC_tex_0.png
Lamborghini_CentenarioRoadsterAdPersonam_2017;165;Lamborghini_Centenario_2017_icon.ASTC_tex_0.png
Lamborghini_CentenarioRoadsterAndroid_2017;165;Lamborghini_Centenario_2017_icon.ASTC_tex_0.png
Lamborghini_CentenarioRoadsteriOS_2017;165;Lamborghini_Centenario_2017_icon.ASTC_tex_0.png
Lamborghini_CountachLPI8004_2022;166;Lamborghini_CountachLPI8004_2022_icon.ASTC_tex_1.png
Lamborghini_CountachLPI8004Reward_2022;166;Lamborghini_CountachLPI8004_2022_icon.ASTC_tex_1.png
Lamborghini_CountachLPI8004RewardRecycled_2022;166;Lamborghini_CountachLPI8004_2022_icon.ASTC_tex_1.png
Lamborghini_DiabloGT_2000;167;Lamborghini_DiabloGT_2000_icon.ASTC_tex_0.png
Lamborghini_DiabloSV_1997;167;Lamborghini_DiabloGT_2000_icon.ASTC_tex_0.png
Lamborghini_EssenzaSCV12_2021;168;Lamborghini_EssenzaSCV12_2021_icon.ASTC_tex_1.png
Lamborghini_EssenzaSCV12Monterey_2021;168;Lamborghini_EssenzaSCV12_2021_icon.ASTC_tex_1.png
Lamborghini_EssenzaSCV12Nero_2021;168;Lamborghini_EssenzaSCV12_2021_icon.ASTC_tex_1.png
Lamborghini_FewOff_2020;169;Lamborghini_FewOff_2020_icon.ASTC_tex_0.png
Lamborghini_FewOffAdPersonam_2020;169;Lamborghini_FewOff_2020_icon.ASTC_tex_0.png
Lamborghini_HuracanEvoReward_2019;170;Lamborghini_HuracanEvoReward_2019_icon.ASTC_tex_0.png
Lamborghini_HuracanEvoRewardRecycled_2019;170;Lamborghini_HuracanEvoReward_2019_icon.ASTC_tex_0.png
Lamborghini_HuracanEvoSpyderReward_2019;170;Lamborghini_HuracanEvoReward_2019_icon.ASTC_tex_0.png
Lamborghini_HuracanEvoSpyderRewardRecycled_2019;170;Lamborghini_HuracanEvoReward_2019_icon.ASTC_tex_0.png
Lamborghini_HuracanLP6104_2014;171;Lamborghini_HuracanLP6104_2014_icon.ASTC_tex_0.png
Lamborghini_HuracanLP6104Reward_2014;171;Lamborghini_HuracanLP6104_2014_icon.ASTC_tex_0.png
Lamborghini_HuracanLP6104RewardRecycled_2014;171;Lamborghini_HuracanLP6104_2014_icon.ASTC_tex_0.png
Lamborghini_HuracanPerformanteReward_2018;172;Lamborghini_HuracanPerformanteReward_2018_icon.ASTC_tex_0.png
Lamborghini_HuracanPerformanteRewardRecycled_2018;172;Lamborghini_HuracanPerformanteReward_2018_icon.ASTC_tex_0.png
Lamborghini_HuracanPerformanteSpyder_2019;172;Lamborghini_HuracanPerformanteReward_2018_icon.ASTC_tex_0.png
Lamborghini_HuracanSterratoReward_2021;173;Lamborghini_HuracanSterratoReward_2021_icon.ASTC_tex_1.png
Lamborghini_HuracanSterratoRewardRecycled_2021;173;Lamborghini_HuracanSterratoReward_2021_icon.ASTC_tex_1.png
Lamborghini_HuracanSTO_2021;173;Lamborghini_HuracanSterratoReward_2021_icon.ASTC_tex_1.png
Lamborghini_HuracanSTOEVO_2021;173;Lamborghini_HuracanSterratoReward_2021_icon.ASTC_tex_1.png
Lamborghini_HuracanTecnicaReward_2023;174;Lamborghini_HuracanTecnicaReward_2023_icon.ASTC_tex_1.png
Lamborghini_HuracanTecnicaRewardRecycled_2023;174;Lamborghini_HuracanTecnicaReward_2023_icon.ASTC_tex_1.png
Lamborghini_IVReward_2024;175;Lamborghini_IVReward_2024_icon.ASTC_tex_0.png
Lamborghini_IVRewardRecycled_2024;175;Lamborghini_IVReward_2024_icon.ASTC_tex_0.png
Lamborghini_LB634_2024;176;Lamborghini_LB634_2024_icon.ASTC_tex_1.png
Lamborghini_LBAventadorLP7004Reward_2011;177;Lamborghini_LBAventadorLP7004Reward_2011_icon.ASTC_tex_0.png
Lamborghini_LBAventadorLP7004RewardGold_2011;177;Lamborghini_LBAventadorLP7004Reward_2011_icon.ASTC_tex_0.png
Lamborghini_LBAventadorLP7004RewardRecycled_2011;177;Lamborghini_LBAventadorLP7004Reward_2011_icon.ASTC_tex_0.png
Lamborghini_LBAventadorLP7004RewardVIP_2011;177;Lamborghini_LBAventadorLP7004Reward_2011_icon.ASTC_tex_0.png
Lamborghini_LBCountachLPReward_1988;178;Lamborghini_LBCountachLPReward_1988_icon.ASTC_tex_1.png
Lamborghini_LBCountachLPRewardRecycled_1988;178;Lamborghini_LBCountachLPReward_1988_icon.ASTC_tex_1.png
Lamborghini_LBMurcielagoSVReward_2009;179;Lamborghini_LBMurcielagoSVReward_2009_icon.ASTC_tex_0.png
Lamborghini_LBMurcielagoSVRewardRecycled_2009;179;Lamborghini_LBMurcielagoSVReward_2009_icon.ASTC_tex_0.png
Lamborghini_LBSilhouetteHuracanReward_2014;171;Lamborghini_HuracanLP6104_2014_icon.ASTC_tex_0.png
Lamborghini_LBSilhouetteHuracanRewardRecycled_2014;171;Lamborghini_HuracanLP6104_2014_icon.ASTC_tex_0.png
Lamborghini_LBWKMurcielagoReward_2009;179;Lamborghini_LBMurcielagoSVReward_2009_icon.ASTC_tex_0.png
Lamborghini_LBWKMurcielagoRewardRecycled_2009;179;Lamborghini_LBMurcielagoSVReward_2009_icon.ASTC_tex_0.png
Lamborghini_MurcielagoSVReward_2009;179;Lamborghini_LBMurcielagoSVReward_2009_icon.ASTC_tex_0.png
Lamborghini_MurcielagoSVRewardRecycled_2009;179;Lamborghini_LBMurcielagoSVReward_2009_icon.ASTC_tex_0.png
Lamborghini_RevueltoReward_2024;180;Lamborghini_RevueltoReward_2024_icon.ASTC_tex_1.png
Lamborghini_RevueltoRewardRecycled_2024;180;Lamborghini_RevueltoReward_2024_icon.ASTC_tex_1.png
Lamborghini_RevueltoSS1_2024;180;Lamborghini_RevueltoReward_2024_icon.ASTC_tex_1.png
Lamborghini_RevueltoSS2_2024;180;Lamborghini_RevueltoReward_2024_icon.ASTC_tex_1.png
Lamborghini_SC18Alston_2019;164;Lamborghini_AventadorSVJReward_2019_icon.ASTC_tex_0.png
Lamborghini_SestoElementoCrew_2012;181;Lamborghini_SestoElementoCrew_2012_icon.ASTC_tex_0.png
Lamborghini_SestoElementoCrewRecycled_2012;181;Lamborghini_SestoElementoCrew_2012_icon.ASTC_tex_0.png
Lamborghini_SianRoadster_2021;169;Lamborghini_FewOff_2020_icon.ASTC_tex_0.png
Lamborghini_TemerarioReward_2025;176;Lamborghini_LB634_2024_icon.ASTC_tex_1.png
Lamborghini_TemerarioRewardRecycled_2025;176;Lamborghini_LB634_2024_icon.ASTC_tex_1.png
Lamborghini_UrusPerformanteReward_2023;182;Lamborghini_UrusPerformanteReward_2023_icon.ASTC_tex_0.png
Lamborghini_UrusPerformanteRewardRecycled_2023;182;Lamborghini_UrusPerformanteReward_2023_icon.ASTC_tex_0.png
Lamborghini_UrusPHEVReward_2024;182;Lamborghini_UrusPerformanteReward_2023_icon.ASTC_tex_0.png
Lamborghini_UrusPHEVRewardRecycled_2024;182;Lamborghini_UrusPerformanteReward_2023_icon.ASTC_tex_0.png
Lamborghini_UrusReward_2018;182;Lamborghini_UrusPerformanteReward_2023_icon.ASTC_tex_0.png
Lamborghini_UrusRewardRecycled_2018;182;Lamborghini_UrusPerformanteReward_2023_icon.ASTC_tex_0.png
Lamborghini_Veneno_2013;183;Lamborghini_Veneno_2013_icon.ASTC_tex_0.png
Lamborghini_VenenoGold_2013;183;Lamborghini_Veneno_2013_icon.ASTC_tex_0.png
Lamborghini_VenenoRoadster_2014;183;Lamborghini_Veneno_2013_icon.ASTC_tex_0.png
Lamborghini_VenenoRoadsterGold_2014;183;Lamborghini_Veneno_2013_icon.ASTC_tex_0.png
Landrover_RangeRoverEvoqueCoupeCrew_2016;184;Landrover_RangeRoverEvoqueCoupeCrew_2016_icon.ASTC_tex_1.png
Landrover_RangeRoverEvoqueCoupeCrewRecycled_2016;184;Landrover_RangeRoverEvoqueCoupeCrew_2016_icon.ASTC_tex_1.png
Lexus_LC500ConvertibleReward_2017;185;Lexus_LC500ConvertibleReward_2017_icon.ASTC_tex_0.png
Lexus_LC500ConvertibleRewardRecycled_2017;185;Lexus_LC500ConvertibleReward_2017_icon.ASTC_tex_0.png
Lexus_LFA_2011;186;Lexus_LFA_2011_icon.ASTC_tex_1.png
Lexus_LFAGold_2011;186;Lexus_LFA_2011_icon.ASTC_tex_1.png
Lexus_LFANurburgringPackage_2011;186;Lexus_LFA_2011_icon.ASTC_tex_1.png
Lotus_Evija_2020;187;Lotus_Evija_2020_icon.ASTC_tex_1.png
Lotus_EvijaReward_2020;187;Lotus_Evija_2020_icon.ASTC_tex_1.png
Lotus_EvijaRewardRecycled_2020;187;Lotus_Evija_2020_icon.ASTC_tex_1.png
Lotus_EvoraGT430Reward_2018;188;Lotus_EvoraGT430Reward_2018_icon.ASTC_tex_0.png
Lotus_EvoraGT430RewardRecycled_2018;188;Lotus_EvoraGT430Reward_2018_icon.ASTC_tex_0.png
Lotus_Exige360CupCrew_2016;189;Lotus_Exige360CupCrew_2016_icon.ASTC_tex_1.png
Lotus_Exige360CupCrewRecycled_2016;189;Lotus_Exige360CupCrew_2016_icon.ASTC_tex_1.png
Lotus_Type131Reward_2022;190;Lotus_Type131Reward_2022_icon.ASTC_tex_0.png
Lotus_Type131RewardRecycled_2022;190;Lotus_Type131Reward_2022_icon.ASTC_tex_0.png
Lotus_VorsteinerEmiraReward_2022;190;Lotus_Type131Reward_2022_icon.ASTC_tex_0.png
Lotus_VorsteinerEmiraRewardRecycled_2022;190;Lotus_Type131Reward_2022_icon.ASTC_tex_0.png
Maserati_7DesignMC20VIP_2021;191;Maserati_MC20CieloReward_2023_icon.ASTC_tex_1.png
Maserati_GranTurismoMCReward_2018;192;Maserati_GranTurismoMCReward_2018_icon.ASTC_tex_1.png
Maserati_GranTurismoMCRewardRecycled_2018;192;Maserati_GranTurismoMCReward_2018_icon.ASTC_tex_1.png
Maserati_LBGranTurismoS_2018;192;Maserati_GranTurismoMCReward_2018_icon.ASTC_tex_1.png
Maserati_MC12_2004;193;Maserati_MC12_2004_icon.ASTC_tex_0.png
Maserati_MC12BC_2004;193;Maserati_MC12_2004_icon.ASTC_tex_0.png
Maserati_MC12CarbonBlue_2004;193;Maserati_MC12_2004_icon.ASTC_tex_0.png
Maserati_MC20CieloReward_2023;191;Maserati_MC20CieloReward_2023_icon.ASTC_tex_1.png
Maserati_MC20CieloRewardRecycled_2023;191;Maserati_MC20CieloReward_2023_icon.ASTC_tex_1.png
Maserati_MC20Coupe_2021;191;Maserati_MC20CieloReward_2023_icon.ASTC_tex_1.png
Mazda_KRCJapanRX8Reward_2004;194;Mazda_KRCJapanRX8Reward_2004_icon.ASTC_tex_0.png
Mazda_KRCJapanRX8RewardRecycled_2004;194;Mazda_KRCJapanRX8Reward_2004_icon.ASTC_tex_0.png
Mazda_LBSuperSilhouetteRX7_1993;195;Mazda_LBSuperSilhouetteRX7_1993_icon.ASTC_tex_1.png
Mazda_LBSuperSilhouetteRX7SE_1993;195;Mazda_LBSuperSilhouetteRX7_1993_icon.ASTC_tex_1.png
Mazda_RBRX8_2004;194;Mazda_KRCJapanRX8Reward_2004_icon.ASTC_tex_0.png
Mazda_RX7Reward_1993;196;Mazda_RX7Reward_1993_icon.ASTC_tex_1.png
Mazda_RX7RewardEaster_1993;196;Mazda_RX7Reward_1993_icon.ASTC_tex_1.png
Mazda_RX7RewardRecycled_1993;196;Mazda_RX7Reward_1993_icon.ASTC_tex_1.png
Mazzanti_EvantraMillecavalli_2019;197;Mazzanti_EvantraMillecavalli_2019_icon.ASTC_tex_0.png
Mazzanti_EvantraMillecavalliGold_2019;197;Mazzanti_EvantraMillecavalli_2019_icon.ASTC_tex_0.png
McLaren_570S_2016;198;McLaren_570S_2016_icon.ASTC_tex_0.png
McLaren_600LTReward_2019;199;McLaren_600LTReward_2019_icon.ASTC_tex_1.png
McLaren_600LTRewardRecycled_2019;199;McLaren_600LTReward_2019_icon.ASTC_tex_1.png
McLaren_600LTSpiderReward_2020;199;McLaren_600LTReward_2019_icon.ASTC_tex_1.png
McLaren_600LTSpiderRewardRecycled_2020;199;McLaren_600LTReward_2019_icon.ASTC_tex_1.png
McLaren_650S_2015;200;McLaren_650S_2015_icon.ASTC_tex_1.png
McLaren_675LTSpiderReward_2016;201;McLaren_675LTSpiderReward_2016_icon.ASTC_tex_1.png
McLaren_675LTSpiderRewardRecycled_2016;201;McLaren_675LTSpiderReward_2016_icon.ASTC_tex_1.png
McLaren_720SSpiderReward_2019;202;McLaren_720SSpiderReward_2019_icon.ASTC_tex_0.png
McLaren_720SSpiderRewardRecycled_2019;202;McLaren_720SSpiderReward_2019_icon.ASTC_tex_0.png
McLaren_750SReward_2023;203;McLaren_750SReward_2023_icon.ASTC_tex_0.png
McLaren_750SRewardRecycled_2023;203;McLaren_750SReward_2023_icon.ASTC_tex_0.png
McLaren_765LT_2021;204;McLaren_765LT_2021_icon.ASTC_tex_1.png
McLaren_765LTSpiderReward_2021;204;McLaren_765LT_2021_icon.ASTC_tex_1.png
McLaren_765LTSpiderRewardRecycled_2021;204;McLaren_765LT_2021_icon.ASTC_tex_1.png
McLaren_ArturaReward_2022;205;McLaren_ArturaReward_2022_icon.ASTC_tex_0.png
McLaren_ArturaRewardRecycled_2022;205;McLaren_ArturaReward_2022_icon.ASTC_tex_0.png
McLaren_ArturaSpiderReward_2024;205;McLaren_ArturaReward_2022_icon.ASTC_tex_0.png
McLaren_ArturaSpiderRewardRecycled_2024;205;McLaren_ArturaReward_2022_icon.ASTC_tex_0.png
McLaren_Elva_2021;206;McLaren_Elva_2021_icon.ASTC_tex_0.png
McLaren_ElvaGold_2021;206;McLaren_Elva_2021_icon.ASTC_tex_0.png
McLaren_ElvaGOSH_2021;206;McLaren_Elva_2021_icon.ASTC_tex_0.png
McLaren_ElvaMSO_2021;206;McLaren_Elva_2021_icon.ASTC_tex_0.png
McLaren_ElvaWindscreenReward_2021;206;McLaren_Elva_2021_icon.ASTC_tex_0.png
McLaren_ElvaWindscreenRewardRecycled_2021;206;McLaren_Elva_2021_icon.ASTC_tex_0.png
McLaren_GTReward_2020;207;McLaren_GTReward_2020_icon.ASTC_tex_0.png
McLaren_GTRewardRecycled_2020;207;McLaren_GTReward_2020_icon.ASTC_tex_0.png
McLaren_LB650SReward_2015;200;McLaren_650S_2015_icon.ASTC_tex_1.png
McLaren_LB650SRewardGold_2015;200;McLaren_650S_2015_icon.ASTC_tex_1.png
McLaren_LB650SRewardRecycled_2015;200;McLaren_650S_2015_icon.ASTC_tex_1.png
McLaren_P14CoupeReward_2017;202;McLaren_720SSpiderReward_2019_icon.ASTC_tex_0.png
McLaren_P14CoupeRewardRecycled_2017;202;McLaren_720SSpiderReward_2019_icon.ASTC_tex_0.png
McLaren_P14CoupeSH1_2017;202;McLaren_720SSpiderReward_2019_icon.ASTC_tex_0.png
McLaren_P1GTREvo_2015;208;McLaren_P1GTRReward_2015_icon.ASTC_tex_0.png
McLaren_P1GTRReward_2015;208;McLaren_P1GTRReward_2015_icon.ASTC_tex_0.png
McLaren_P1GTRRewardRecycled_2015;208;McLaren_P1GTRReward_2015_icon.ASTC_tex_0.png
McLaren_Sabre_2022;209;McLaren_Sabre_2022_icon.ASTC_tex_0.png
McLaren_Senna_2018;210;McLaren_SennaCarbon_2018_icon.ASTC_tex_0.png
McLaren_SennaCarbon_2018;210;McLaren_SennaCarbon_2018_icon.ASTC_tex_0.png
McLaren_SennaGOSH_2018;210;McLaren_SennaCarbon_2018_icon.ASTC_tex_0.png
McLaren_SennaGTR_2020;209;McLaren_Sabre_2022_icon.ASTC_tex_0.png
McLaren_SennaGTRLM_2020;209;McLaren_Sabre_2022_icon.ASTC_tex_0.png
McLaren_SennaLE_2018;210;McLaren_SennaCarbon_2018_icon.ASTC_tex_0.png
McLaren_SLR722EditionReward_2006;211;McLaren_SLR722EditionReward_2006_icon.ASTC_tex_0.png
McLaren_SLR722EditionRewardRecycled_2006;211;McLaren_SLR722EditionReward_2006_icon.ASTC_tex_0.png
McLaren_SLR722SRoadster_2009;211;McLaren_SLR722EditionReward_2006_icon.ASTC_tex_0.png
McLaren_Speedtail_2019;212;McLaren_Speedtail_2019_icon.ASTC_tex_0.png
McLaren_SpeedtailOrange_2019;212;McLaren_Speedtail_2019_icon.ASTC_tex_0.png
McLaren_SpeedtailRed_2019;212;McLaren_Speedtail_2019_icon.ASTC_tex_0.png
McLaren_SpeedtailRedSEG_2019;212;McLaren_Speedtail_2019_icon.ASTC_tex_0.png
McLaren_Vorsteiner570VXReward_2016;198;McLaren_570S_2016_icon.ASTC_tex_0.png
McLaren_Vorsteiner570VXRewardRecycled_2016;198;McLaren_570S_2016_icon.ASTC_tex_0.png
McLaren_Vorsteiner720SReward_2018;202;McLaren_720SSpiderReward_2019_icon.ASTC_tex_0.png
McLaren_Vorsteiner720SRewardRecycled_2018;202;McLaren_720SSpiderReward_2019_icon.ASTC_tex_0.png
MercedesAMG_CLAEVReward_2025;213;MercedesAMG_CLAEVReward_2025_icon.ASTC_tex_1.png
MercedesAMG_CLAEVRewardRecycled_2025;213;MercedesAMG_CLAEVReward_2025_icon.ASTC_tex_1.png
MercedesAMG_CLE53CoupeReward_2024;214;
MercedesAMG_CLE53CoupeRewardRecycled_2024;214;
MercedesAMG_G63SUVReward_2020;215;MercedesAMG_G63SUVReward_2020_icon.ASTC_tex_1.png
MercedesAMG_G63SUVRewardRecycled_2020;215;MercedesAMG_G63SUVReward_2020_icon.ASTC_tex_1.png
MercedesAMG_GTBlackSeriesReward_2020;216;MercedesAMG_GTBlackSeriesReward_2020_icon.ASTC_tex_0.png
MercedesAMG_GTBlackSeriesRewardRecycled_2020;216;MercedesAMG_GTBlackSeriesReward_2020_icon.ASTC_tex_0.png
MercedesAMG_GTRReward_2017;217;MercedesAMG_GTRReward_2017_icon.ASTC_tex_1.png
MercedesAMG_GTRRewardHalloween_2017;217;MercedesAMG_GTRReward_2017_icon.ASTC_tex_1.png
MercedesAMG_GTRRewardRecycled_2017;217;MercedesAMG_GTRReward_2017_icon.ASTC_tex_1.png
MercedesAMG_S63CoupeReward_2020;218;MercedesAMG_S63CoupeReward_2020_icon.ASTC_tex_1.png
MercedesAMG_S63CoupeRewardRecycled_2020;218;MercedesAMG_S63CoupeReward_2020_icon.ASTC_tex_1.png
MercedesAMGF1_W11_2020;219;MercedesAMGF1_W11_2020_icon.ASTC_tex_1.png
MercedesAMGF1_W11VB_2020;219;MercedesAMGF1_W11_2020_icon.ASTC_tex_1.png
MercedesBenz_C63AMGCoupeBlackSeries_2014;220;MercedesBenz_C63AMGCoupeBlackSeries_2014_icon.ASTC_tex_1.png
MercedesBenz_LBC63AMGCoupeBlackSeries_2014;220;MercedesBenz_C63AMGCoupeBlackSeries_2014_icon.ASTC_tex_1.png
Mitsubishi_VoltexEvoIXReward_2005;221;Mitsubishi_VoltexEvoIXReward_2005_icon.ASTC_tex_0.png
Mitsubishi_VoltexEvoIXRewardRecycled_2005;221;Mitsubishi_VoltexEvoIXReward_2005_icon.ASTC_tex_0.png
Nissan_240SXRocketBunnyBossReward_1995;222;Nissan_240SXRocketBunnyBossReward_1995_icon.ASTC_tex_0.png
Nissan_240SXRocketBunnyBossRewardRecycled_1995;222;Nissan_240SXRocketBunnyBossReward_1995_icon.ASTC_tex_0.png
Nissan_350ZRocketBunny_2003;223;Nissan_350ZRocketBunnyV2_2003_icon.ASTC_tex_1.png
Nissan_350ZRocketBunnyV2_2003;223;Nissan_350ZRocketBunnyV2_2003_icon.ASTC_tex_1.png
Nissan_350ZRocketBunnyV2Easter_2003;223;Nissan_350ZRocketBunnyV2_2003_icon.ASTC_tex_1.png
Nissan_GTR50_2021;224;Nissan_GTR50Reward_2020_icon.ASTC_tex_0.png
Nissan_GTR50Reward_2020;224;Nissan_GTR50Reward_2020_icon.ASTC_tex_0.png
Nissan_GTR50RewardRecycled_2020;224;Nissan_GTR50Reward_2020_icon.ASTC_tex_0.png
Nissan_GTR_2017;225;Nissan_GTR_2017_icon.ASTC_tex_0.png
Nissan_GTRNismoCrew_2017;226;Nissan_GTRNismoCrew_2017_icon.ASTC_tex_1.png
Nissan_GTRNismoCrewRecycled_2017;226;Nissan_GTRNismoCrew_2017_icon.ASTC_tex_1.png
Nissan_GTRNismoNReward_2017;227;Nissan_GTRNismoNReward_2017_icon.ASTC_tex_1.png
Nissan_GTRNismoNRewardRecycled_2017;227;Nissan_GTRNismoNReward_2017_icon.ASTC_tex_1.png
Nissan_GTRNISMOReward_2024;228;Nissan_GTRNISMOReward_2024_icon.ASTC_tex_0.png
Nissan_GTRNISMORewardRecycled_2024;228;Nissan_GTRNISMOReward_2024_icon.ASTC_tex_0.png
Nissan_GTRPremium_2015;229;Nissan_GTRReward_2015_icon.ASTC_tex_1.png
Nissan_GTRReward_2015;229;Nissan_GTRReward_2015_icon.ASTC_tex_1.png
Nissan_GTRRewardRecycled_2015;229;Nissan_GTRReward_2015_icon.ASTC_tex_1.png
Nissan_JukeR20ConceptReward_2015;230;Nissan_JukeR20ConceptReward_2015_icon.ASTC_tex_1.png
Nissan_JukeR20ConceptRewardRecycled_2015;230;Nissan_JukeR20ConceptReward_2015_icon.ASTC_tex_1.png
Nissan_KRCJapanGTRR35Reward_2017;231;Nissan_KRCJapanGTRR35Reward_2017_icon.ASTC_tex_1.png
Nissan_KRCJapanGTRR35RewardRecycled_2017;231;Nissan_KRCJapanGTRR35Reward_2017_icon.ASTC_tex_1.png
Nissan_LBGTRType2_2017;225;Nissan_GTR_2017_icon.ASTC_tex_0.png
Nissan_PandeMGTRR33Reward_1995;232;Nissan_PandeMGTRR33Reward_1995_icon.ASTC_tex_0.png
Nissan_PandeMGTRR33RewardRecycled_1995;232;Nissan_PandeMGTRR33Reward_1995_icon.ASTC_tex_0.png
Nissan_SilviaS15Crew_1999;233;Nissan_SilviaS15Crew_1999_icon.ASTC_tex_0.png
Nissan_SilviaS15CrewRecycled_1999;233;Nissan_SilviaS15Crew_1999_icon.ASTC_tex_0.png
Nissan_SilviaS15RocketBunny_1999;233;Nissan_SilviaS15Crew_1999_icon.ASTC_tex_0.png
Nissan_SkylineGTRR33F1_1995;232;Nissan_PandeMGTRR33Reward_1995_icon.ASTC_tex_0.png
Nissan_VeilsideZReward_2023;234;Nissan_VeilsideZReward_2023_icon.ASTC_tex_1.png
Nissan_VeilsideZRewardRecycled_2023;234;Nissan_VeilsideZReward_2023_icon.ASTC_tex_1.png
Nissan_ZNISMOReward_2024;234;Nissan_VeilsideZReward_2023_icon.ASTC_tex_1.png
Nissan_ZNISMORewardRecycled_2024;234;Nissan_VeilsideZReward_2023_icon.ASTC_tex_1.png
Noble_M600CarbonSport_2017;235;Noble_M600CarbonSport_2017_icon.ASTC_tex_1.png
Noble_M600F9_2017;235;Noble_M600CarbonSport_2017_icon.ASTC_tex_1.png
Noble_M600Reward_2017;235;Noble_M600CarbonSport_2017_icon.ASTC_tex_1.png
Noble_M600RewardRecycled_2017;235;Noble_M600CarbonSport_2017_icon.ASTC_tex_1.png
Noble_M600SpeedsterReward_2018;235;Noble_M600CarbonSport_2017_icon.ASTC_tex_1.png
Noble_M600SpeedsterRewardRecycled_2018;235;Noble_M600CarbonSport_2017_icon.ASTC_tex_1.png
Pagani_C10_2023;236;Pagani_C10Reward_2023_icon.ASTC_tex_0.png
Pagani_C10Reward_2023;236;Pagani_C10Reward_2023_icon.ASTC_tex_0.png
Pagani_C10RewardRecycled_2023;236;Pagani_C10Reward_2023_icon.ASTC_tex_0.png
Pagani_HuayraBCReward_2016;237;Pagani_HuayraBCReward_2016_icon.ASTC_tex_0.png
Pagani_HuayraBCRewardRecycled_2016;237;Pagani_HuayraBCReward_2016_icon.ASTC_tex_0.png
Pagani_HuayraBCRoadster_2019;238;Pagani_HuayraBCRoadster_2019_icon.ASTC_tex_0.png
Pagani_HuayraBCRoadsterLS_2019;238;Pagani_HuayraBCRoadster_2019_icon.ASTC_tex_0.png
Pagani_HuayraBCRoadsterPB_2019;238;Pagani_HuayraBCRoadster_2019_icon.ASTC_tex_0.png
Pagani_HuayraCodalunga_2022;239;Pagani_HuayraCodalunga_2022_icon.ASTC_tex_1.png
Pagani_HuayraCodalungaSpeedster_2025;239;Pagani_HuayraCodalunga_2022_icon.ASTC_tex_1.png
Pagani_HuayraRoadsterReward_2017;240;Pagani_HuayraRoadsterReward_2017_icon.ASTC_tex_0.png
Pagani_HuayraRoadsterRewardRecycled_2017;240;Pagani_HuayraRoadsterReward_2017_icon.ASTC_tex_0.png
Pagani_Imola_2021;241;Pagani_Imola_2021_icon.ASTC_tex_0.png
Pagani_ImolaGold_2021;241;Pagani_Imola_2021_icon.ASTC_tex_0.png
Pagani_ImolaRoadster_2023;241;Pagani_Imola_2021_icon.ASTC_tex_0.png
Pagani_UtopiaRoadster_2024;236;Pagani_C10Reward_2023_icon.ASTC_tex_0.png
Pagani_ZondaCinqueCoupe_2009;242;Pagani_ZondaCinqueCoupe_2009_icon.ASTC_tex_0.png
Pagani_ZondaCinqueCoupeReward_2009;242;Pagani_ZondaCinqueCoupe_2009_icon.ASTC_tex_0.png
Pagani_ZondaCinqueCoupeRewardRecycled_2009;242;Pagani_ZondaCinqueCoupe_2009_icon.ASTC_tex_0.png
Pagani_ZondaCinqueRoadster_2010;242;Pagani_ZondaCinqueCoupe_2009_icon.ASTC_tex_0.png
Pagani_ZondaCinqueRoadsterReward_2010;242;Pagani_ZondaCinqueCoupe_2009_icon.ASTC_tex_0.png
Pagani_ZondaCinqueRoadsterRewardRecycled_2010;242;Pagani_ZondaCinqueCoupe_2009_icon.ASTC_tex_0.png
Pagani_ZondaREvoBarchetta_2021;243;Pagani_ZondaREvoBarchetta_2021_icon.ASTC_tex_0.png
Pagani_ZondaRevolucion_2013;243;Pagani_ZondaREvoBarchetta_2021_icon.ASTC_tex_0.png
Pininfarina_Battista_2020;244;Pininfarina_Battista_2020_icon.ASTC_tex_0.png
Pininfarina_BattistaNinoFarina_2023;244;Pininfarina_Battista_2020_icon.ASTC_tex_0.png
Pininfarina_BattistaReward_2022;244;Pininfarina_Battista_2020_icon.ASTC_tex_0.png
Pininfarina_BattistaRewardRecycled_2022;244;Pininfarina_Battista_2020_icon.ASTC_tex_0.png
Plymouth_WeaverCustomsCudaTorcReward4thJuly_2016;245;Plymouth_WeaverCustomsCudaTorcReward_2016_icon.ASTC_tex_0.png
Plymouth_WeaverCustomsCudaTorcReward_2016;245;Plymouth_WeaverCustomsCudaTorcReward_2016_icon.ASTC_tex_0.png
Plymouth_WeaverCustomsCudaTorcRewardRecycled_2016;245;Plymouth_WeaverCustomsCudaTorcReward_2016_icon.ASTC_tex_0.png
Porsche_718CaymanGT4RS_2022;246;Porsche_718CaymanGT4RS_2022_icon.ASTC_tex_1.png
Porsche_718SpyderRSReward_2024;246;Porsche_718CaymanGT4RS_2022_icon.ASTC_tex_1.png
Porsche_718SpyderRSRewardRecycled_2024;246;Porsche_718CaymanGT4RS_2022_icon.ASTC_tex_1.png
Porsche_911Carrera4SCabrioletReward_2020;247;Porsche_911Carrera4SCabrioletReward_2020_icon.ASTC_tex_1.png
Porsche_911Carrera4SCabrioletRewardRecycled_2020;247;Porsche_911Carrera4SCabrioletReward_2020_icon.ASTC_tex_1.png
Porsche_911DakarReward_2023;248;Porsche_911DakarReward_2023_icon.ASTC_tex_1.png
Porsche_911DakarRewardRecycled_2023;248;Porsche_911DakarReward_2023_icon.ASTC_tex_1.png
Porsche_911GT2_1993;249;Porsche_911GT2_1993_icon.ASTC_tex_1.png
Porsche_911GT2RS_2017;249;Porsche_911GT2_1993_icon.ASTC_tex_1.png
Porsche_911GT2RSClubSport_2019;249;Porsche_911GT2_1993_icon.ASTC_tex_1.png
Porsche_911GT2RSClubSportSalzburg_2019;249;Porsche_911GT2_1993_icon.ASTC_tex_1.png
Porsche_911GT2RSGold_2017;249;Porsche_911GT2_1993_icon.ASTC_tex_1.png
Porsche_911GT2RSVIP_2017;249;Porsche_911GT2_1993_icon.ASTC_tex_1.png
Porsche_911GT3Reward_2018;250;Porsche_911GT3Reward_2018_icon.ASTC_tex_0.png
Porsche_911GT3RewardRecycled_2018;250;Porsche_911GT3Reward_2018_icon.ASTC_tex_0.png
Porsche_911GT3RS992_2023;251;Porsche_911GT3RS992_2023_icon.ASTC_tex_1.png
Porsche_911GT3RS992Tribute_2023;251;Porsche_911GT3RS992_2023_icon.ASTC_tex_1.png
Porsche_911GT3RSCrew_2016;252;Porsche_911GT3RSCrew_2016_icon.ASTC_tex_0.png
Porsche_911GT3RSCrewRecycled_2016;252;Porsche_911GT3RSCrew_2016_icon.ASTC_tex_0.png
Porsche_911GT3RSReward_2018;251;Porsche_911GT3RS992_2023_icon.ASTC_tex_1.png
Porsche_911GT3RSRewardRecycled_2018;251;Porsche_911GT3RS992_2023_icon.ASTC_tex_1.png
Porsche_911GT3TouringReward_2022;250;Porsche_911GT3Reward_2018_icon.ASTC_tex_0.png
Porsche_911GT3TouringRewardRecycled_2022;250;Porsche_911GT3Reward_2018_icon.ASTC_tex_0.png
Porsche_911RReward_2017;253;Porsche_911RReward_2017_icon.ASTC_tex_0.png
Porsche_911RRewardRecycled_2017;253;Porsche_911RReward_2017_icon.ASTC_tex_0.png
Porsche_911RWBReward_1972;254;Porsche_911RWBReward_1972_icon.ASTC_tex_0.png
Porsche_911RWBRewardRecycled_1972;254;Porsche_911RWBReward_1972_icon.ASTC_tex_0.png
Porsche_911SpeedsterReward_2020;255;Porsche_911SpeedsterReward_2020_icon.ASTC_tex_0.png
Porsche_911SpeedsterRewardRecycled_2020;255;Porsche_911SpeedsterReward_2020_icon.ASTC_tex_0.png
Porsche_911STReward_2024;256;Porsche_911STReward_2024_icon.ASTC_tex_1.png
Porsche_911STRewardRecycled_2024;256;Porsche_911STReward_2024_icon.ASTC_tex_1.png
Porsche_911Targa4GTSReward_2025;257;Porsche_911Targa4GTSReward_2025_icon.ASTC_tex_0.png
Porsche_911Targa4GTSRewardRecycled_2025;257;Porsche_911Targa4GTSReward_2025_icon.ASTC_tex_0.png
Porsche_911Targa4SReward_2021;247;Porsche_911Carrera4SCabrioletReward_2020_icon.ASTC_tex_1.png
Porsche_911Targa4SRewardRecycled_2021;247;Porsche_911Carrera4SCabrioletReward_2020_icon.ASTC_tex_1.png
Porsche_911TurboSReward_2016;258;Porsche_911TurboSReward_2016_icon.ASTC_tex_0.png
Porsche_911TurboSReward_2021;259;Porsche_911TurboSReward_2021_icon.ASTC_tex_0.png
Porsche_911TurboSReward_2026;260;Porsche_911TurboSReward_2026_icon.ASTC_tex_0.png
Porsche_911TurboSRewardRecycled_2016;258;Porsche_911TurboSReward_2016_icon.ASTC_tex_0.png
Porsche_911TurboSRewardRecycled_2021;259;Porsche_911TurboSReward_2021_icon.ASTC_tex_0.png
Porsche_911TurboSRewardRecycled_2026;260;Porsche_911TurboSReward_2026_icon.ASTC_tex_0.png
Porsche_918SpyderGold_2015;261;Porsche_918SpyderReward_2015_icon.ASTC_tex_1.png
Porsche_918SpyderMartini_2015;261;Porsche_918SpyderReward_2015_icon.ASTC_tex_1.png
Porsche_918SpyderReward_2015;261;Porsche_918SpyderReward_2015_icon.ASTC_tex_1.png
Porsche_918SpyderRewardRecycled_2015;261;Porsche_918SpyderReward_2015_icon.ASTC_tex_1.png
Porsche_935_2019;262;Porsche_935_2019_icon.ASTC_tex_1.png
Porsche_935Salzburg_2019;262;Porsche_935_2019_icon.ASTC_tex_1.png
Porsche_CayenneTurboGTReward_2022;263;Porsche_CayenneTurboGTReward_2022_icon.ASTC_tex_0.png
Porsche_CayenneTurboGTRewardRecycled_2022;263;Porsche_CayenneTurboGTReward_2022_icon.ASTC_tex_0.png
Porsche_CaymanGT4_2016;264;Porsche_CaymanGT4_2016_icon.ASTC_tex_0.png
Porsche_DD911GTRSRReward_2017;249;Porsche_911GT2_1993_icon.ASTC_tex_1.png
Porsche_DD911GTRSRRewardRecycled_2017;249;Porsche_911GT2_1993_icon.ASTC_tex_1.png
Porsche_Manthey911GT3RSReward_2024;265;Porsche_Manthey911GT3RSReward_2024_icon.ASTC_tex_1.png
Porsche_Manthey911GT3RSRewardRecycled_2024;265;Porsche_Manthey911GT3RSReward_2024_icon.ASTC_tex_1.png
Porsche_PanameraSportTurismoReward_2021;266;Porsche_PanameraSportTurismoReward_2021_icon.ASTC_tex_0.png
Porsche_PanameraSportTurismoRewardRecycled_2021;266;Porsche_PanameraSportTurismoReward_2021_icon.ASTC_tex_0.png
Porsche_RWB964Reward_1991;267;Porsche_RWB964Reward_1991_icon.ASTC_tex_0.png
Porsche_RWB964RewardRecycled_1991;267;Porsche_RWB964Reward_1991_icon.ASTC_tex_0.png
Porsche_RWB993Evo_1993;268;Porsche_RWB993Reward_1993_icon.ASTC_tex_1.png
Porsche_RWB993Reward_1993;268;Porsche_RWB993Reward_1993_icon.ASTC_tex_1.png
Porsche_RWB993RewardRecycled_1993;268;Porsche_RWB993Reward_1993_icon.ASTC_tex_1.png
Porsche_TaycanTurboGTReward_2025;269;Porsche_TaycanTurboGTReward_2025_icon.ASTC_tex_1.png
Porsche_TaycanTurboGTRewardRecycled_2025;269;Porsche_TaycanTurboGTReward_2025_icon.ASTC_tex_1.png
Porsche_TaycanTurboSCrossTurismo_2022;270;Porsche_TaycanTurboSReward_2021_icon.ASTC_tex_1.png
Porsche_TaycanTurboSPride_2021;270;Porsche_TaycanTurboSReward_2021_icon.ASTC_tex_1.png
Porsche_TaycanTurboSReward_2021;270;Porsche_TaycanTurboSReward_2021_icon.ASTC_tex_1.png
Porsche_TaycanTurboSRewardRecycled_2021;270;Porsche_TaycanTurboSReward_2021_icon.ASTC_tex_1.png
Porsche_VorsteinerGT4VCS_2016;264;Porsche_CaymanGT4_2016_icon.ASTC_tex_0.png
Radford_Type62GOSH_2021;271;Radford_Type62GOSH_2021_icon.ASTC_tex_1.png
Radford_Type62Reward_2021;271;Radford_Type62GOSH_2021_icon.ASTC_tex_1.png
Radford_Type62RewardRecycled_2021;271;Radford_Type62GOSH_2021_icon.ASTC_tex_1.png
Rimac_Nevera_2021;272;Rimac_Nevera_2021_icon.ASTC_tex_1.png
Rimac_NeveraR_2025;272;Rimac_Nevera_2021_icon.ASTC_tex_1.png
Rimac_NeveraReward_2022;272;Rimac_Nevera_2021_icon.ASTC_tex_1.png
Rimac_NeveraRewardrecycled_2022;272;Rimac_Nevera_2021_icon.ASTC_tex_1.png
Saleen_S1Reward_2018;273;Saleen_S1Reward_2018_icon.ASTC_tex_0.png
Saleen_S1RewardRecycled_2018;273;Saleen_S1Reward_2018_icon.ASTC_tex_0.png
SCG_004CS_2020;274;SCG_004CS_2020_icon.ASTC_tex_1.png
SCG_SCG003S_2017;275;SCG_SCG003S_2017_icon.ASTC_tex_0.png
SCG_SCG003S_2017;276;SCG_SCG003S_2017_icon.ASTC_tex_0.png
SCG_SCG003SCarbon_2017;275;SCG_SCG003S_2017_icon.ASTC_tex_0.png
SCG_SCG003SCarbon_2017;276;SCG_SCG003S_2017_icon.ASTC_tex_0.png
SCG_SCG004CReward_2019;274;SCG_004CS_2020_icon.ASTC_tex_1.png
SCG_SCG004CRewardRecycled_2019;274;SCG_004CS_2020_icon.ASTC_tex_1.png
Shelby_MustangSuperSnakeR_2025;277;Shelby_SuperSnakeS650Reward_2024_icon.ASTC_tex_1.png
Shelby_SuperSnakeReward_2019;278;Shelby_SuperSnakeReward_2019_icon.ASTC_tex_1.png
Shelby_SuperSnakeRewardRecycled_2019;278;Shelby_SuperSnakeReward_2019_icon.ASTC_tex_1.png
Shelby_SuperSnakeS650Reward_2024;277;Shelby_SuperSnakeS650Reward_2024_icon.ASTC_tex_1.png
Shelby_SuperSnakeS650RewardRecycled_2024;277;Shelby_SuperSnakeS650Reward_2024_icon.ASTC_tex_1.png
Spyker_C8PreliatorReward_2017;279;Spyker_C8PreliatorReward_2017_icon.ASTC_tex_1.png
Spyker_C8PreliatorRewardRecycled_2017;279;Spyker_C8PreliatorReward_2017_icon.ASTC_tex_1.png
Spyker_C8PreliatorSpyder_2017;279;Spyker_C8PreliatorReward_2017_icon.ASTC_tex_1.png
SSC_Tuatara_2019;280;SSC_Tuatara_2019_icon.ASTC_tex_0.png
SSC_TuataraGold_2019;280;SSC_Tuatara_2019_icon.ASTC_tex_0.png
SSC_TuataraSilver_2019;280;SSC_Tuatara_2019_icon.ASTC_tex_0.png
SSC_TuataraWRE_2020;280;SSC_Tuatara_2019_icon.ASTC_tex_0.png
Subaru_BRZRocketBunny_2013;281;Subaru_BRZRocketBunny_2013_icon.ASTC_tex_0.png
Subaru_BRZRocketBunnyVIP_2013;281;Subaru_BRZRocketBunny_2013_icon.ASTC_tex_0.png
Subaru_BRZtSReward_2024;282;Subaru_BRZtSReward_2024_icon.ASTC_tex_0.png
Subaru_BRZtSRewardRecycled_2024;282;Subaru_BRZtSReward_2024_icon.ASTC_tex_0.png
Subaru_VarisImprezaWRXSTI_2014;283;Subaru_VarisImprezaWRXSTI_2014_icon.ASTC_tex_1.png
Subaru_VarisWRXSTICALM_2018;283;Subaru_VarisImprezaWRXSTI_2014_icon.ASTC_tex_1.png
Toyota_GRSupraF9_2020;284;Toyota_GRSupraF9_2020_icon.ASTC_tex_1.png
Toyota_GRYarisReward_2021;285;Toyota_GRYarisReward_2021_icon.ASTC_tex_1.png
Toyota_GRYarisRewardRecycled_2021;285;Toyota_GRYarisReward_2021_icon.ASTC_tex_1.png
Toyota_LBGRSupraReward_2020;284;Toyota_GRSupraF9_2020_icon.ASTC_tex_1.png
Toyota_LBGRSupraRewardRecycled_2020;284;Toyota_GRSupraF9_2020_icon.ASTC_tex_1.png
Toyota_PandeMGRSupraV15_2020;284;Toyota_GRSupraF9_2020_icon.ASTC_tex_1.png
Toyota_PandeMGRSupraV1_2020;284;Toyota_GRSupraF9_2020_icon.ASTC_tex_1.png
Toyota_SupraMKIVF7_1995;124;FnF_SupraMKIVF2_1994_icon.ASTC_tex_1.png
TVR_GriffithReward_2019;286;TVR_GriffithReward_2019_icon.ASTC_tex_0.png
TVR_GriffithRewardRecycled_2019;286;TVR_GriffithReward_2019_icon.ASTC_tex_0.png
TVR_Sagaris_2006;287;TVR_Sagaris_2006_icon.ASTC_tex_0.png
TVR_SagarisReward_2006;287;TVR_Sagaris_2006_icon.ASTC_tex_0.png
TVR_SagarisRewardRecycled_2006;287;TVR_Sagaris_2006_icon.ASTC_tex_0.png
Ultima_EVOCoupeReward_2016;288;Ultima_EVOCoupeReward_2016_icon.ASTC_tex_0.png
Ultima_EVOCoupeRewardRecycled_2016;288;Ultima_EVOCoupeReward_2016_icon.ASTC_tex_0.png
Ultima_EVOCoupeSupercharged_2016;288;Ultima_EVOCoupeReward_2016_icon.ASTC_tex_0.png
Ultima_RS_2020;289;Ultima_RS_2020_icon.ASTC_tex_0.png
Ultima_RSGold_2020;289;Ultima_RS_2020_icon.ASTC_tex_0.png
VUHL_05RRReward_2019;290;VUHL_05RRReward_2019_icon.ASTC_tex_1.png
VUHL_05RRRewardRecycled_2019;290;VUHL_05RRReward_2019_icon.ASTC_tex_1.png
WMotors_FenyrSupersportReward_2016;291;WMotors_FenyrSupersportReward_2016_icon.ASTC_tex_0.png
WMotors_FenyrSupersportRewardRecycled_2016;291;WMotors_FenyrSupersportReward_2016_icon.ASTC_tex_0.png
WMotors_LykanHyperSportReward_2015;292;WMotors_LykanHyperSportReward_2015_icon.ASTC_tex_0.png
WMotors_LykanHyperSportRewardRecycled_2015;292;WMotors_LykanHyperSportReward_2015_icon.ASTC_tex_0.png
Zenvo_AuroraTur_2024;293;Zenvo_AuroraTur_2024_icon.ASTC_tex_0.png
Zenvo_AuroraTurReward_2024;293;Zenvo_AuroraTur_2024_icon.ASTC_tex_0.png
Zenvo_AuroraTurRewardRecycled_2024;293;Zenvo_AuroraTur_2024_icon.ASTC_tex_0.png
Zenvo_TS1GT_2018;294;Zenvo_TS1GT_2018_icon.ASTC_tex_1.png
Zenvo_TS1GTReward_2018;294;Zenvo_TS1GT_2018_icon.ASTC_tex_1.png
Zenvo_TS1GTRewardRecycled_2018;294;Zenvo_TS1GT_2018_icon.ASTC_tex_1.png
Zenvo_TSRGTReward_2023;295;Zenvo_TSRGTReward_2023_icon.ASTC_tex_1.png
Zenvo_TSRGTRewardRecycled_2023;295;Zenvo_TSRGTReward_2023_icon.ASTC_tex_1.png
Zenvo_TSRS_2019;294;Zenvo_TS1GT_2018_icon.ASTC_tex_1.png
Zenvo_TSRS_2020;294;Zenvo_TS1GT_2018_icon.ASTC_tex_1.png
Zenvo_TSRSGold_2020;294;Zenvo_TS1GT_2018_icon.ASTC_tex_1.png
