crdb;default_paid;source
Abarth_500_2014;280;CarVisualsData
Acura_IntegraGSRF1_1998;2537;CarVisualsData
Acura_IntegraTypeRDB8F1_1995;2351;CarVisualsData
Acura_NSXF9_2018;744;CarVisualsData
Acura_NSXTypeSReward_2022;2037;CarVisualsData
Acura_NSXTypeSRewardRecycled_2022;741;CarVisualsData
AlfaRomeo_4CCoupeCrew_2013;739;CarVisualsData
AlfaRomeo_4CCoupeCrewRecycled_2013;633;CarVisualsData
AlfaRomeo_4CSpider_2016;633;CarVisualsData
AlfaRomeo_8CCompetizione_2007;633;CarVisualsData
AlfaRomeo_8CSpiderReward_2009;626;CarVisualsData
AlfaRomeo_8CSpiderRewardRecycled_2009;631;CarVisualsData
AlfaRomeo_GiuliaGTAmReward_2021;1753;CarVisualsData
AlfaRomeo_GiuliaGTAmRewardRecycled_2021;1752;CarVisualsData
AlfaRomeo_GiuliaQuadrifoglio_2017;633;CarVisualsData
Alpine_A110_2018;1273;CarVisualsData
AMC_RingbrothersJavelinDefiant_1972;1111;CarVisualsData
Apollo_IntensaEmozione_2019;1103;CarVisualsData
Apollo_IntensaEmozioneCarbon_2019;1104;CarVisualsData
Apollo_IntensaEmozioneOrangeDragon_2019;2171;CarVisualsData
Apollo_ProjectEvo_2022;2350;CarVisualsData
Apollo_S_2008;2685;CarVisualsData
Arrinera_HussaryaReward_2020;1797;CarVisualsData
Arrinera_HussaryaRewardRecycled_2020;1803;CarVisualsData
Aspark_Owl_2021;2294;CarVisualsData
Aspark_OwlSP600_2024;2730;CarVisualsData
AstonMartin_DB11Reward_2017;778;CarVisualsData
AstonMartin_DB11RewardRecycled_2017;781;CarVisualsData
AstonMartin_DB12_2023;2191;CarVisualsData
AstonMartin_DB12VolanteReward_2024;65;CarVisualsData
AstonMartin_DB12VolanteRewardRecycled_2024;2262;CarVisualsData
AstonMartin_DB5Classic_1964;1089;CarVisualsData
AstonMartin_DBR22_2023;2100;CarVisualsData
AstonMartin_DBS770UltimateReward_2023;2100;CarVisualsData
AstonMartin_DBS770UltimateRewardRecycled_2023;782;CarVisualsData
AstonMartin_DBSGTZagato_2020;1308;CarVisualsData
AstonMartin_DBSSuperleggeraReward_2019;1167;CarVisualsData
AstonMartin_DBSSuperleggeraRewardRecycled_2019;71;CarVisualsData
AstonMartin_DBSVolanteReward_2020;1798;CarVisualsData
AstonMartin_DBSVolanteRewardRecycled_2020;1595;CarVisualsData
AstonMartin_DBX707Reward_2023;2094;CarVisualsData
AstonMartin_DBX707RewardRecycled_2023;784;CarVisualsData
AstonMartin_DBXReward_2019;1597;CarVisualsData
AstonMartin_DBXRewardRecycled_2019;68;CarVisualsData
AstonMartin_DBXSReward_2026;2639;CarVisualsData
AstonMartin_DBXSRewardRecycled_2026;2640;CarVisualsData
AstonMartin_One77Reward_2010;856;CarVisualsData
AstonMartin_One77RewardRecycled_2010;778;CarVisualsData
AstonMartin_V12Speedster_2021;990;CarVisualsData
AstonMartin_V12SpeedsterDBR1_2021;1765;CarVisualsData
AstonMartin_V12Vantage_2023;2099;CarVisualsData
AstonMartin_V12VantageRReward_2023;2354;CarVisualsData
AstonMartin_V12VantageRRewardRecycled_2023;2258;CarVisualsData
AstonMartin_Valhalla_2020;784;CarVisualsData
AstonMartin_Valhalla_2025;2354;CarVisualsData
AstonMartin_ValhallaGold_2020;1596;CarVisualsData
AstonMartin_Valiant_2025;2345;CarVisualsData
AstonMartin_Valkyrie_2020;990;CarVisualsData
AstonMartin_ValkyrieAMRPro_2022;2100;CarVisualsData
AstonMartin_ValkyrieAMRProConcept_2020;1898;CarVisualsData
AstonMartin_ValkyrieSpider_2022;1764;CarVisualsData
AstonMartin_ValkyrieSpirit_2020;781;CarVisualsData
AstonMartin_ValkyrieTrackPack_2020;1764;CarVisualsData
AstonMartin_ValkyrieTrackPackAMR_2020;1898;CarVisualsData
AstonMartin_Valour_2024;2203;CarVisualsData
AstonMartin_ValourReward_2024;2319;CarVisualsData
AstonMartin_ValourRewardRecycled_2024;57;CarVisualsData
AstonMartin_Vanquish_2014;62;CarVisualsData
AstonMartin_Vanquish_2025;2250;CarVisualsData
AstonMartin_VanquishVReward_2025;1463;CarVisualsData
AstonMartin_VanquishVRewardRecycled_2025;2259;CarVisualsData
AstonMartin_VanquishZagatoReward_2017;1308;CarVisualsData
AstonMartin_VanquishZagatoRewardRecycled_2017;782;CarVisualsData
AstonMartin_VanquishZagatoSB_2017;1308;CarVisualsData
AstonMartin_Vantage_2024;2355;CarVisualsData
AstonMartin_VantageGT12_2016;784;CarVisualsData
AstonMartin_VantageGTE_2020;1898;CarVisualsData
AstonMartin_VantageRoadsterReward_2021;1596;CarVisualsData
AstonMartin_VantageRoadsterRewardRecycled_2021;784;CarVisualsData
AstonMartin_VantageRReward_2025;2250;CarVisualsData
AstonMartin_VantageRRewardRecycled_2025;2432;CarVisualsData
AstonMartin_VantageV8Reward_2018;65;CarVisualsData
AstonMartin_VantageV8RewardRecycled_2018;780;CarVisualsData
AstonMartin_Victor_2020;1849;CarVisualsData
AstonMartin_VulcanReward_2016;877;CarVisualsData
AstonMartin_VulcanRewardGold_2016;1089;CarVisualsData
AstonMartin_VulcanRewardRecycled_2016;56;CarVisualsData
ATSAutomobili_GTReward_2018;1330;CarVisualsData
ATSAutomobili_GTRewardRecycled_2018;1332;CarVisualsData
ATSAutomobili_RRTurbo_2020;1812;CarVisualsData
Audi_ABTRS6RReward_2020;1833;CarVisualsData
Audi_ABTRS6RRewardRecycled_2020;1819;CarVisualsData
Audi_ABTRS7RReward_2020;1825;CarVisualsData
Audi_ABTRS7RRewardRecycled_2020;1951;CarVisualsData
Audi_LBR8V10PlusCoupeElite_2014;23;CarVisualsData
Audi_LBR8V10PlusCoupeReward_2014;766;CarVisualsData
Audi_LBR8V10PlusCoupeRewardRecycled_2014;14;CarVisualsData
Audi_LBRS5Coupe_2014;771;CarVisualsData
Audi_LBRS5CoupeElite_2014;18;CarVisualsData
Audi_NEWINGR8RSRReward_2016;1621;CarVisualsData
Audi_NEWINGR8RSRRewardRecycled_2016;19;CarVisualsData
Audi_R18_2014;1621;CarVisualsData
Audi_R8LMSGT3_2019;1834;CarVisualsData
Audi_R8SpyderReward_2020;1426;CarVisualsData
Audi_R8SpyderRewardRecycled_2020;850;CarVisualsData
Audi_R8V10Decennium_2019;1457;CarVisualsData
Audi_R8V10GreenHell_2020;2039;CarVisualsData
Audi_R8V10GTReward_2023;2169;CarVisualsData
Audi_R8V10GTRewardRecycled_2023;850;CarVisualsData
Audi_R8V10PlusCoupe_2014;20;CarVisualsData
Audi_R8V10PlusCoupe_2016;846;CarVisualsData
Audi_R8V10PlusCoupeReward_2016;845;CarVisualsData
Audi_R8V10PlusCoupeRewardRecycled_2016;774;CarVisualsData
Audi_RS3SedanReward_2023;18;CarVisualsData
Audi_RS3SedanRewardRecycled_2023;2205;CarVisualsData
Audi_RS3SportbackReward_2023;2683;CarVisualsData
Audi_RS3SportbackRewardRecycled_2023;1621;CarVisualsData
Audi_RS5Coupe_2014;19;CarVisualsData
Audi_RS5CoupeReward_2020;850;CarVisualsData
Audi_RS5CoupeRewardRecycled_2020;1877;CarVisualsData
Audi_RS6AvantGTReward_2024;2340;CarVisualsData
Audi_RS6AvantGTRewardRecycled_2024;1620;CarVisualsData
Audi_RS6AvantReward_2020;18;CarVisualsData
Audi_RS6AvantRewardRecycled_2020;1620;CarVisualsData
Audi_RS7SportbackReward_2020;1904;CarVisualsData
Audi_RS7SportbackRewardRecycled_2020;850;CarVisualsData
Audi_RSetronGTReward_2022;1427;CarVisualsData
Audi_RSetronGTRewardRecycled_2022;2009;CarVisualsData
Audi_S1ETronQuattroHoonitron_2022;1992;CarVisualsData
Audi_TTRSCoupeIEReward_2023;1620;CarVisualsData
Audi_TTRSCoupeIERewardRecycled_2023;1877;CarVisualsData
Audi_TTRSPlusCoupe_2014;19;CarVisualsData
BAC_MonoReward_2017;914;CarVisualsData
BAC_MonoRewardRecycled_2017;913;CarVisualsData
Bentley_BaturConvertibleReward_2025;2663;CarVisualsData
Bentley_BaturConvertibleRewardRecycled_2025;2655;CarVisualsData
Bentley_BentaygaReward_2018;1166;CarVisualsData
Bentley_BentaygaRewardRecycled_2018;534;CarVisualsData
Bentley_ContinentalGT3PikesPeak_2021;2016;CarVisualsData
Bentley_ContinentalGT3RaceCar_2020;1813;CarVisualsData
Bentley_ContinentalGT3RReward_2015;555;CarVisualsData
Bentley_ContinentalGT3RRewardRecycled_2015;554;CarVisualsData
Bentley_ContinentalGTConvertibleReward_2019;1074;CarVisualsData
Bentley_ContinentalGTConvertibleRewardRecycled_2019;534;CarVisualsData
Bentley_ContinentalGTCSpeedReward_2022;526;CarVisualsData
Bentley_ContinentalGTCSpeedRewardRecycled_2022;2097;CarVisualsData
Bentley_ContinentalGTEVO_2026;2638;CarVisualsData
Bentley_ContinentalGTReward_2018;526;CarVisualsData
Bentley_ContinentalGTRewardRecycled_2018;534;CarVisualsData
Bentley_ContinentalGTSpeed_2016;531;CarVisualsData
Bentley_ContinentalGTSpeedReward_2021;1070;CarVisualsData
Bentley_ContinentalGTSpeedReward_2025;2584;CarVisualsData
Bentley_ContinentalGTSpeedRewardRecycled_2021;1946;CarVisualsData
Bentley_ContinentalGTSpeedRewardRecycled_2025;2581;CarVisualsData
Bentley_ContinentalGTV8SF8_2014;773;CarVisualsData
Bentley_MullinerBacalarReward_2021;1679;CarVisualsData
Bentley_MullinerBacalarRewardRecycled_2021;1680;CarVisualsData
Bentley_MullinerBaturReward_2023;2215;CarVisualsData
Bentley_MullinerBaturRewardRecycled_2023;2218;CarVisualsData
Bentley_SupersportsReward_2026;1049;CarVisualsData
Bentley_SupersportsRewardRecycled_2026;2708;CarVisualsData
BMW_30CSLE9LP_1973;2613;CarVisualsData
BMW_ACSchnitzerM2Coupe_2016;896;CarVisualsData
BMW_ACSchnitzerZ4_2019;1669;CarVisualsData
BMW_i8Elite_2017;986;CarVisualsData
BMW_i8Reward_2017;928;CarVisualsData
BMW_i8RewardHoliday_2017;1155;CarVisualsData
BMW_i8RewardRecycled_2017;937;CarVisualsData
BMW_i8RewardSilver_2017;845;CarVisualsData
BMW_LBi8Reward_2017;11;CarVisualsData
BMW_LBi8RewardRecycled_2017;937;CarVisualsData
BMW_LBM4CoupeCrew_2014;740;CarVisualsData
BMW_LBM4CoupeCrewRecycled_2014;6;CarVisualsData
BMW_M1_1985;2480;CarVisualsData
BMW_M235iCoupe_2014;287;CarVisualsData
BMW_M2Competition_2018;1011;CarVisualsData
BMW_M2CoupeG87Reward_2023;2018;CarVisualsData
BMW_M2CoupeG87RewardRecycled_2023;1738;CarVisualsData
BMW_M2CSG87Reward_2025;2606;CarVisualsData
BMW_M2CSG87RewardRecycled_2025;876;CarVisualsData
BMW_M2G87MPerformance_2023;6;CarVisualsData
BMW_M2G87TNR_2023;1000135;CarVisualsData
BMW_M3CSTouringReward_2025;2554;CarVisualsData
BMW_M3CSTouringRewardRecycled_2025;2555;CarVisualsData
BMW_M3E92CoupeGTSElite_2011;855;CarVisualsData
BMW_M3E92CoupeGTSReward_2011;609;CarVisualsData
BMW_M3E92CoupeGTSRewardRecycled_2011;669;CarVisualsData
BMW_M3SportEvoE30_1990;2222;CarVisualsData
BMW_M3TouringReward_2022;2000;CarVisualsData
BMW_M3TouringRewardRecycled_2022;1740;CarVisualsData
BMW_M4CompetitionG82TNR_2021;1000131;CarVisualsData
BMW_M4Coupe_2014;9;CarVisualsData
BMW_M4CoupeMPerformance_2021;1855;CarVisualsData
BMW_M4CoupeReward_2021;1736;CarVisualsData
BMW_M4CoupeRewardRecycled_2021;1739;CarVisualsData
BMW_M4CSLReward_2022;2022;CarVisualsData
BMW_M4CSLRewardRecycled_2022;876;CarVisualsData
BMW_M4GT3_2022;1855;CarVisualsData
BMW_M4GTS_2016;855;CarVisualsData
BMW_M5CompetitionReward_2019;1203;CarVisualsData
BMW_M5CompetitionRewardRecycled_2019;1198;CarVisualsData
BMW_M5CSReward_2022;1893;CarVisualsData
BMW_M5CSRewardRecycled_2022;1892;CarVisualsData
BMW_M5G99Touring_2024;1739;CarVisualsData
BMW_M5SedanReward_2024;2273;CarVisualsData
BMW_M5SedanRewardRecycled_2024;1739;CarVisualsData
BMW_M8Competition_2020;1364;CarVisualsData
BMW_M8ConvertiblePride_2021;1835;CarVisualsData
BMW_M8ConvertibleReward_2021;1361;CarVisualsData
BMW_M8ConvertibleRewardRecycled_2021;1360;CarVisualsData
BMW_M8Reward_2020;1360;CarVisualsData
BMW_M8RewardRecycled_2020;1198;CarVisualsData
BMW_RBM3E92Reward_2011;2110;CarVisualsData
BMW_RBM3E92RewardRecycled_2011;2101;CarVisualsData
BMW_VarisM4GTSReward_2016;287;CarVisualsData
BMW_VarisM4GTSRewardRecycled_2016;6;CarVisualsData
BMW_Z4_2019;1312;CarVisualsData
BMW_Z4MCoupeCrew_2006;12;CarVisualsData
Brabham_BT62_2019;1189;CarVisualsData
Brabham_BT62Evo_2019;1783;CarVisualsData
Brabham_BT62RReward_2020;1781;CarVisualsData
Brabham_BT62RRewardRecycled_2020;1782;CarVisualsData
BTTF_TimeMachine1_1985;2346;CarVisualsData
BTTF_TimeMachine2_2015;2346;CarVisualsData
BTTF_TimeMachine3_1885;2346;CarVisualsData
Bugatti_AtlanticConcept_2015;1866;CarVisualsData
Bugatti_AtlanticConceptReward_2015;1402;CarVisualsData
Bugatti_AtlanticConceptRewardRecycled_2015;586;CarVisualsData
Bugatti_Chiron42Seconds_2016;595;CarVisualsData
Bugatti_ChironProfilee_2022;2095;CarVisualsData
Bugatti_ChironProjectHero_2016;589;CarVisualsData
Bugatti_ChironPurSportEditionGP_2022;582;CarVisualsData
Bugatti_ChironReward_2016;579;CarVisualsData
Bugatti_ChironRewardGold_2016;587;CarVisualsData
Bugatti_ChironRewardRecycled_2016;580;CarVisualsData
Bugatti_ChironRLB_2020;587;CarVisualsData
Bugatti_ChironRMS_2020;1585;CarVisualsData
Bugatti_ChironSport110_2018;1250;CarVisualsData
Bugatti_ChironSport_2016;591;CarVisualsData
Bugatti_ChironSuperSport_2022;1981;CarVisualsData
Bugatti_ChironSuperSportWRE_2020;1403;CarVisualsData
Bugatti_Divo110_2019;1250;CarVisualsData
Bugatti_Divo_2019;1112;CarVisualsData
Bugatti_DivoGold_2019;586;CarVisualsData
Bugatti_EB110HomageLB_2019;1152;CarVisualsData
Bugatti_EB110HomageMS_2019;1395;CarVisualsData
Bugatti_EB110SSClassic_1992;1152;CarVisualsData
Bugatti_LaVoitureNoire_2019;1385;CarVisualsData
Bugatti_LaVoitureNoire_2022;1385;CarVisualsData
Bugatti_Tourbillon_2026;2304;CarVisualsData
Bugatti_VeyronGrandSportVitesse_2012;580;CarVisualsData
Bugatti_VeyronGrandSportVitesseAndroid_2012;1428;CarVisualsData
Bugatti_VeyronGrandSportVitesseiOS_2012;1385;CarVisualsData
Bugatti_VeyronGrandSportVitesseWRE_2012;1403;CarVisualsData
Bugatti_VeyronSuperSport_2012;33;CarVisualsData
Bugatti_VeyronSuperSportGold_2012;34;CarVisualsData
Bugatti_W16Mistral_2023;586;CarVisualsData
Bugatti_W16MistralReward_2023;582;CarVisualsData
Bugatti_W16MistralRewardRecycled_2023;595;CarVisualsData
Bugatti_W16MistralWRE_2024;2477;CarVisualsData
Bugatti_X16_2024;1585;CarVisualsData
Bugatti_X16Gold_2024;1938;CarVisualsData
Buick_GNX_1987;2096;CarVisualsData
Buick_GrandNationalF4_1987;2096;CarVisualsData
Buick_RingbrothersGNX_1987;2548;CarVisualsData
Buick_RoadstershopGrandNational_1987;2096;CarVisualsData
Cadillac_CT5VBlackwingReward_2022;1993;CarVisualsData
Cadillac_CT5VBlackwingRewardRecycled_2022;1995;CarVisualsData
Cadillac_CTSVReward_2017;1282;CarVisualsData
Cadillac_CTSVRewardRecycled_2017;1283;CarVisualsData
Chevrolet_AlphaSixCamaroSSCrew_2016;1003;CarVisualsData
Chevrolet_AlphaSixCamaroSSCrewRecycled_2016;1009;CarVisualsData
Chevrolet_AmericanLegendsChevelle_1966;2541;CarVisualsData
Chevrolet_BBTImpala_1959;2721;CarVisualsData
Chevrolet_BlazinRodsChevelle_1970;2508;CarVisualsData
Chevrolet_C10Elite_2016;90;CarVisualsData
Chevrolet_C10Halloween_2016;1344;CarVisualsData
Chevrolet_C10Reward_2016;893;CarVisualsData
Chevrolet_C10RewardRecycled_2016;878;CarVisualsData
Chevrolet_C10RewardVIP_2016;90;CarVisualsData
Chevrolet_Camaro632_1988;2167;CarVisualsData
Chevrolet_CamaroSS_2016;96;CarVisualsData
Chevrolet_CamaroSSNASCARXfinity_2021;290;CarVisualsData
Chevrolet_CamaroZ28_2015;94;CarVisualsData
Chevrolet_CamaroZ28ASC_2015;505;CarVisualsData
Chevrolet_CamaroZL11LEReward_2018;89;CarVisualsData
Chevrolet_CamaroZL11LERewardRecycled_2018;770;CarVisualsData
Chevrolet_CamaroZL1Crew_2017;770;CarVisualsData
Chevrolet_CamaroZL1CrewRecycled_2017;505;CarVisualsData
Chevrolet_CamaroZL1NASCAR_2022;291;CarVisualsData
Chevrolet_CapriceDonk_1971;2164;CarVisualsData
Chevrolet_COPOCamaroReward_2019;1288;CarVisualsData
Chevrolet_COPOCamaroRewardEvo_2019;1293;CarVisualsData
Chevrolet_COPOCamaroRewardRecycled_2019;91;CarVisualsData
Chevrolet_CorvetteC1LPClassic_1958;2502;CarVisualsData
Chevrolet_CorvetteC4ZR1_1994;90;CarVisualsData
Chevrolet_CorvetteC6ZR1_2012;2718;CarVisualsData
Chevrolet_CorvetteC7REditionReward_2015;520;CarVisualsData
Chevrolet_CorvetteC7REditionRewardRecycled_2015;292;CarVisualsData
Chevrolet_CorvetteC8Convertible_2020;1485;CarVisualsData
Chevrolet_CorvetteC8Reward_2020;292;CarVisualsData
Chevrolet_CorvetteC8RewardRecycled_2020;1483;CarVisualsData
Chevrolet_CorvetteC8RLB_2020;520;CarVisualsData
Chevrolet_CorvetteC8RMS_2020;1668;CarVisualsData
Chevrolet_CorvetteC8ZR1_2024;2267;CarVisualsData
Chevrolet_CorvetteC8ZR1Reward_2024;2672;CarVisualsData
Chevrolet_CorvetteC8ZR1RewardRecycled_2024;2673;CarVisualsData
Chevrolet_CorvetteGrandSport_2017;291;CarVisualsData
Chevrolet_CorvetteStingray_2015;294;CarVisualsData
Chevrolet_CorvetteStingRayC2F8_1966;91;CarVisualsData
Chevrolet_CorvetteStingrayTNR_2020;1000125;CarVisualsData
Chevrolet_CorvetteZ06C8CReward_2023;1487;CarVisualsData
Chevrolet_CorvetteZ06C8CRewardRecycled_2023;292;CarVisualsData
Chevrolet_CorvetteZ06Reward_2023;1955;CarVisualsData
Chevrolet_CorvetteZ06RewardRecycled_2023;1956;CarVisualsData
Chevrolet_CorvetteZ06Z07Package_2023;1486;CarVisualsData
Chevrolet_CorvetteZR1Classic_1970;1139;CarVisualsData
Chevrolet_CorvetteZR1Reward_2018;922;CarVisualsData
Chevrolet_CorvetteZR1RewardRecycled_2018;934;CarVisualsData
Chevrolet_CorvetteZR1SH1_2018;934;CarVisualsData
Chevrolet_DuSoldDesignCamaro_1967;2550;CarVisualsData
Chevrolet_DutchboysCamaroLB_1969;1632;CarVisualsData
Chevrolet_DutchboysCamaroMS_1969;1631;CarVisualsData
Chevrolet_EddiesCorvetteC2_1963;2118;CarVisualsData
Chevrolet_GAPCorvette_1972;2729;CarVisualsData
Chevrolet_GarretCamaro_1972;2521;CarVisualsData
Chevrolet_GreeningCamaroIROCZ_1985;2113;CarVisualsData
Chevrolet_HSCustomsCamaroReward_2016;875;CarVisualsData
Chevrolet_HSCustomsCamaroRewardRecycled_2016;875;CarVisualsData
Chevrolet_HSCustomsChevelle_1968;2303;CarVisualsData
Chevrolet_KellySonBelAir_1957;2111;CarVisualsData
Chevrolet_LBCamaroIROCZReward_1987;1139;CarVisualsData
Chevrolet_LBCamaroIROCZRewardRecycled_1987;291;CarVisualsData
Chevrolet_LMCorvetteC8_2020;2232;CarVisualsData
Chevrolet_LMCorvetteZ06Reward_2023;2414;CarVisualsData
Chevrolet_LMCorvetteZ06RewardRecycled_2023;1957;CarVisualsData
Chevrolet_LostAngelsCamaro_1970;2744;CarVisualsData
Chevrolet_LowerLevelGarageApache_1959;2727;CarVisualsData
Chevrolet_MonteCarloRaceCarF9_1995;90;CarVisualsData
Chevrolet_NapalmNova_1972;2147;CarVisualsData
Chevrolet_NASCARCamaroZL1_2020;1292;CarVisualsData
Chevrolet_NASCARCamaroZL1JE_2020;290;CarVisualsData
Chevrolet_NovaSSF9_1970;93;CarVisualsData
Chevrolet_NovaSSLPClassic_1970;2598;CarVisualsData
Chevrolet_PandeMCamaroZ28_1972;2210;CarVisualsData
Chevrolet_PickUpVerminsDiner_1936;2307;CarVisualsData
Chevrolet_PickUpVerminsDinerOG_1936;2309;CarVisualsData
Chevrolet_QuintinBrotherCamaroReward_1968;1126;CarVisualsData
Chevrolet_QuintinBrotherCamaroRewardRecycled_1968;1114;CarVisualsData
Chevrolet_RBCorvetteC8StingrayReward_2020;291;CarVisualsData
Chevrolet_RBCorvetteC8StingrayRewardRecycled_2020;290;CarVisualsData
Chevrolet_RingbrothersCamaro_1969;1634;CarVisualsData
Chevrolet_RingbrothersCamaroUSA_1969;1634;CarVisualsData
Chevrolet_RingbrothersChevelle_1966;2137;CarVisualsData
Chevrolet_RingbrothersPickUp_1948;2112;CarVisualsData
Chevrolet_RoadsterShopCamaro_1970;2339;CarVisualsData
Chevrolet_SickSecondsCamaroSS_1969;1988;CarVisualsData
Chevrolet_TimmBuiltElCamino_1978;2735;CarVisualsData
Chevrolet_WeaverCamaro_1969;2539;CarVisualsData
Chevrolet_WeaverCustoms3100_1949;2298;CarVisualsData
Chevrolet_WolfeKustomsBelAir_1957;2733;CarVisualsData
Chevrolet_ZwygartNova_1967;2522;CarVisualsData
Czinger_21C_2021;1999;CarVisualsData
Czinger_21CGold_2021;2344;CarVisualsData
Czinger_21CVMax_2023;2170;CarVisualsData
Dallara_EXP_2021;2677;CarVisualsData
Dallara_Stradale_2019;2551;CarVisualsData
Datsun_240ZLPClassic_1972;2525;CarVisualsData
DeTomaso_P900_2022;2653;CarVisualsData
DeTomaso_PanteraGT5S_1984;2449;CarVisualsData
Devel_Sixteen_2022;2006;CarVisualsData
Dodge_ChallengerMoparDragPak_2021;99;CarVisualsData
Dodge_ChallengerMoparDragPakGold_2021;101;CarVisualsData
Dodge_ChallengerRTLPClassic_1970;2279;CarVisualsData
Dodge_ChallengerRTShakerF7_2015;343;CarVisualsData
Dodge_ChallengerSRTDemonF8_2018;102;CarVisualsData
Dodge_ChallengerSRTDemonReward_2018;345;CarVisualsData
Dodge_ChallengerSRTDemonRewardRecycled_2018;1113;CarVisualsData
Dodge_ChallengerSRTHellcat_2015;104;CarVisualsData
Dodge_ChallengerSRTHellcatReward_2015;343;CarVisualsData
Dodge_ChallengerSRTHellcatRewardRecycled_2015;515;CarVisualsData
Dodge_ChallengerSRTSuperStockReward_2021;1652;CarVisualsData
Dodge_ChallengerSRTSuperStockRewardRecycled_2021;1123;CarVisualsData
Dodge_ChargerDaytona_1970;208;CarVisualsData
Dodge_ChargerDaytonaF6_1970;1600;CarVisualsData
Dodge_ChargerDaytonaScatPack_2025;2395;CarVisualsData
Dodge_ChargerHellcat_2020;101;CarVisualsData
Dodge_ChargerHellcatDaytona50th_2020;341;CarVisualsData
Dodge_ChargerHellcatRedeyeReward_2021;1124;CarVisualsData
Dodge_ChargerHellcatRedeyeRewardRecycled_2021;1646;CarVisualsData
Dodge_ChargerRedeyeSplatter_2023;2547;CarVisualsData
Dodge_ChargerRTCrew_1969;105;CarVisualsData
Dodge_ChargerRTF1_1970;105;CarVisualsData
Dodge_ChargerRTF4_1970;105;CarVisualsData
Dodge_ChargerRTF8_1970;920;CarVisualsData
Dodge_ChargerRTF9_1966;1944;CarVisualsData
Dodge_ChargerSixpackReward_2025;2773;CarVisualsData
Dodge_ChargerSixpackRewardRecycled_2025;2397;CarVisualsData
Dodge_ChargerTantrumF9_1970;208;CarVisualsData
Dodge_DemonChargerF9_2018;340;CarVisualsData
Dodge_HavocChallenger_1970;1633;CarVisualsData
Dodge_HPE1200Demon_2018;349;CarVisualsData
Dodge_HPE1200DemonGold_2018;135;CarVisualsData
Dodge_RingbrosChargerCAPTIV_1969;2146;CarVisualsData
Dodge_RingbrothersChargerTUSK_1969;2342;CarVisualsData
Dodge_SpeedShopCharger_1968;2482;CarVisualsData
Dodge_SRTDemon170Reward_2023;1647;CarVisualsData
Dodge_SRTDemon170RewardRecycled_2023;106;CarVisualsData
Dodge_ViperACR_2009;2283;CarVisualsData
Dodge_ViperACRCrew_2016;109;CarVisualsData
Dodge_ViperACRExtremeAeroPackage_2016;99;CarVisualsData
Dodge_ViperACRReward_2016;109;CarVisualsData
Dodge_ViperACRRewardRecycled_2016;345;CarVisualsData
Dodge_ViperACRVoodooII_2016;98;CarVisualsData
Dodge_ViperGTS_1996;2255;CarVisualsData
Dodge_ViperGTS_2015;345;CarVisualsData
Dodge_ViperSnakeskinEditionGTC_2017;1038;CarVisualsData
Dodge_ViperSR1LPClassic_1995;2283;CarVisualsData
Dodge_WidebodyChargerF9_1968;1941;CarVisualsData
Donkervoort_D8GTOReward_2015;1191;CarVisualsData
Donkervoort_D8GTORewardRecycled_2015;1193;CarVisualsData
Ferrari_12CilindriReward_2024;2063;CarVisualsData
Ferrari_12CilindriRewardRecycled_2024;2313;CarVisualsData
Ferrari_12CilindriSpiderReward_2024;2520;CarVisualsData
Ferrari_12CilindriSpiderRewardRecycled_2024;2063;CarVisualsData
Ferrari_250GTOClassic_1962;1118;CarVisualsData
Ferrari_288GTO_1985;1118;CarVisualsData
Ferrari_296GTB_2022;2063;CarVisualsData
Ferrari_296GTBAssettoFiorano_2022;198;CarVisualsData
Ferrari_296GTSReward_2023;202;CarVisualsData
Ferrari_296GTSRewardRecycled_2023;2063;CarVisualsData
Ferrari_296SpecialeA_2026;183;CarVisualsData
Ferrari_458Speciale_2014;182;CarVisualsData
Ferrari_488GTB70thAnniversary_2015;184;CarVisualsData
Ferrari_488GTModificata_2021;1902;CarVisualsData
Ferrari_488PistaReward_2019;183;CarVisualsData
Ferrari_488PistaRewardRecycled_2019;201;CarVisualsData
Ferrari_488PistaSpiderReward_2019;186;CarVisualsData
Ferrari_488PistaSpiderRewardRecycled_2019;184;CarVisualsData
Ferrari_488Spider70thAnniversary_2015;882;CarVisualsData
Ferrari_488Spider_2015;184;CarVisualsData
Ferrari_512TR_1991;1118;CarVisualsData
Ferrari_599GTOReward_2010;623;CarVisualsData
Ferrari_599GTORewardRecycled_2010;203;CarVisualsData
Ferrari_599XXEvoluzione_2011;184;CarVisualsData
Ferrari_599XXReward_2010;184;CarVisualsData
Ferrari_599XXRewardRecycled_2010;182;CarVisualsData
Ferrari_812Competizione_2021;1952;CarVisualsData
Ferrari_812CompetizioneReward_2021;1982;CarVisualsData
Ferrari_812CompetizioneRewardRecycled_2021;182;CarVisualsData
Ferrari_812GTSReward_2020;1939;CarVisualsData
Ferrari_812GTSRewardRecycled_2020;184;CarVisualsData
Ferrari_812SuperfastReward_2018;184;CarVisualsData
Ferrari_812SuperfastRewardRecycled_2018;184;CarVisualsData
Ferrari_849Testarossa_2026;2671;CarVisualsData
Ferrari_AmalfiReward_2027;2704;CarVisualsData
Ferrari_AmalfiRewardRecycled_2027;1118;CarVisualsData
Ferrari_California30Reward_2012;521;CarVisualsData
Ferrari_California30RewardRecycled_2012;189;CarVisualsData
Ferrari_CaliforniaT70thAnniversary_2015;196;CarVisualsData
Ferrari_DaytonaSP3_2022;2030;CarVisualsData
Ferrari_Dino246GTS_1973;2670;CarVisualsData
Ferrari_Enzo_2002;1118;CarVisualsData
Ferrari_EnzoGold_2002;182;CarVisualsData
Ferrari_F12berlinetta70thAnniversary_2014;881;CarVisualsData
Ferrari_F12berlinetta_2014;184;CarVisualsData
Ferrari_F12tdfReward_2016;764;CarVisualsData
Ferrari_F12tdfRewardRecycled_2016;182;CarVisualsData
Ferrari_F355Berlinetta_1994;2676;CarVisualsData
Ferrari_F40Competizione_1989;1118;CarVisualsData
Ferrari_F40Reward_1987;186;CarVisualsData
Ferrari_F40RewardRecycled_1987;184;CarVisualsData
Ferrari_F430Scuderia_2008;183;CarVisualsData
Ferrari_F50Crew_1995;184;CarVisualsData
Ferrari_F50CrewRecycled_1995;182;CarVisualsData
Ferrari_F50GT_1996;1118;CarVisualsData
Ferrari_F8SpiderReward_2020;182;CarVisualsData
Ferrari_F8SpiderRewardRecycled_2020;186;CarVisualsData
Ferrari_F8TributoReward_2020;183;CarVisualsData
Ferrari_F8TributoRewardRecycled_2020;185;CarVisualsData
Ferrari_FXXEvoluzione_2008;1118;CarVisualsData
Ferrari_FXXKEvo_2018;196;CarVisualsData
Ferrari_FXXKReward_2014;182;CarVisualsData
Ferrari_FXXKRewardRecycled_2014;184;CarVisualsData
Ferrari_GTC4Lusso70thAnniversary_2016;953;CarVisualsData
Ferrari_GTC4LussoReward_2016;203;CarVisualsData
Ferrari_GTC4LussoRewardRecycled_2016;184;CarVisualsData
Ferrari_LaFerrari_2014;184;CarVisualsData
Ferrari_LaFerrariAperta70thAnniversary_2017;955;CarVisualsData
Ferrari_LaFerrariAperta_2017;1880;CarVisualsData
Ferrari_MonzaReward_2019;1338;CarVisualsData
Ferrari_MonzaRewardRecycled_2019;116;CarVisualsData
Ferrari_MV512Testarossa_1986;1341;CarVisualsData
Ferrari_PortofinoReward_2018;186;CarVisualsData
Ferrari_PortofinoRewardRecycled_2018;1031;CarVisualsData
Ferrari_PurosangueReward_2023;198;CarVisualsData
Ferrari_PurosangueRewardRecycled_2023;202;CarVisualsData
Ferrari_RomaReward_2020;197;CarVisualsData
Ferrari_RomaRewardRecycled_2020;185;CarVisualsData
Ferrari_SF90SpiderReward_2021;1966;CarVisualsData
Ferrari_SF90SpiderRewardRecycled_2021;1363;CarVisualsData
Ferrari_SF90Stradale_2020;184;CarVisualsData
Ferrari_SF90StradaleAssettoFiorano_2021;1627;CarVisualsData
Ferrari_SF90StradaleAssettoFioranoF175_2021;1982;CarVisualsData
Ferrari_SF90StradaleGold_2020;182;CarVisualsData
Ferrari_SF90XXSpiderReward_2024;2312;CarVisualsData
Ferrari_SF90XXSpiderRewardRecycled_2024;1118;CarVisualsData
Ferrari_SF90XXStradale_2024;2207;CarVisualsData
FnF_FlipCar_2013;1272;CarVisualsData
FnF_SupraMKIVF2_1994;2353;CarVisualsData
Ford_Durty30_2016;925;CarVisualsData
Ford_Durty30Gold_2016;2135;CarVisualsData
Ford_DutchboysTorino_1969;2776;CarVisualsData
Ford_EscortMk1RS2000LPClassic_1973;2608;CarVisualsData
Ford_EscortMKIF6_1970;1617;CarVisualsData
Ford_EscortRSCosworthCossieV2_1994;2358;CarVisualsData
Ford_F150Hoonitruck_1977;1911;CarVisualsData
Ford_F150SVTRaptor_2014;133;CarVisualsData
Ford_F150SVTRaptorElite_2014;120;CarVisualsData
Ford_FiestaST_2016;517;CarVisualsData
Ford_FocusRS_2017;339;CarVisualsData
Ford_FocusRSElite_2017;578;CarVisualsData
Ford_FocusSTCrew_2014;477;CarVisualsData
Ford_FocusSTCrewRecycled_2014;123;CarVisualsData
Ford_GT40MkII1_1966;1297;CarVisualsData
Ford_GT40MkII_1966;124;CarVisualsData
Ford_GT_2005;1660;CarVisualsData
Ford_GTDaytonaHeritageEdition_2021;1658;CarVisualsData
Ford_GTElite_2017;578;CarVisualsData
Ford_GTHeritageEdition_2005;1663;CarVisualsData
Ford_GTHeritageEdition_2017;1297;CarVisualsData
Ford_GTLeMansRacecar_2016;118;CarVisualsData
Ford_GTMk4_2024;2272;CarVisualsData
Ford_GTReward_2017;132;CarVisualsData
Ford_GTRewardRecycled66_2017;495;CarVisualsData
Ford_GTRewardRecycled_2017;576;CarVisualsData
Ford_Mustang302_1970;1156;CarVisualsData
Ford_MustangCobraJet_2019;119;CarVisualsData
Ford_MustangCobraJetVIP_2019;123;CarVisualsData
Ford_MustangDarkHorse_2024;2075;CarVisualsData
Ford_MustangDarkHorseSCReward_2025;2720;CarVisualsData
Ford_MustangDarkHorseSCRewardRecycled_2025;118;CarVisualsData
Ford_MustangF3_1967;1700;CarVisualsData
Ford_MustangFoxbodyF9_1987;1943;CarVisualsData
Ford_MustangGT350F9_2016;1969;CarVisualsData
Ford_MustangGT_2024;2087;CarVisualsData
Ford_MustangGTD_2025;2066;CarVisualsData
Ford_MustangGTFastbackTNR_2018;1000124;CarVisualsData
Ford_MustangGTHoonicornV1_1965;1911;CarVisualsData
Ford_MustangGTHoonicornV2_1965;1911;CarVisualsData
Ford_MustangGTHPE750Silver_2015;495;CarVisualsData
Ford_MustangGTPremium_2015;133;CarVisualsData
Ford_MustangGTPremiumBoss_2015;542;CarVisualsData
Ford_MustangGTPremiumElite_2015;495;CarVisualsData
Ford_MustangMach1_2021;1702;CarVisualsData
Ford_MustangMachE1400_2021;119;CarVisualsData
Ford_MustangMachEGTReward_2021;2064;CarVisualsData
Ford_MustangMachEGTRewardRecycled_2021;2075;CarVisualsData
Ford_MustangNASCAR_2022;1987;CarVisualsData
Ford_MustangRTRSpec3_2019;119;CarVisualsData
Ford_MustangRTRSPEC5_2019;1653;CarVisualsData
Ford_MustangShelbyGT350LPClassic_1965;1158;CarVisualsData
Ford_MustangShelbyGT500Reward_2019;1251;CarVisualsData
Ford_MustangShelbyGT500RewardRecycled_2019;1247;CarVisualsData
Ford_MustangSVTCobraRLPClassic_1993;2650;CarVisualsData
Ford_RadRidesTroyRoadster_1936;2734;CarVisualsData
Ford_RingbrothersMustang_1969;2715;CarVisualsData
Ford_RingbrothersMustangMach1_1969;2104;CarVisualsData
Ford_RoushStage3Mustang_1996;2225;CarVisualsData
Ford_ROUSHStage3Mustang_2019;131;CarVisualsData
Ford_RuffianGalaxie500_1964;2311;CarVisualsData
Ford_RuffianGT40_1966;2308;CarVisualsData
Ford_RuffianMustang_1970;2299;CarVisualsData
Ford_RuffianMustangFIAFastback_1967;2314;CarVisualsData
Ford_ShelbyGT350R_2016;125;CarVisualsData
Ford_ShelbyGT350RElite_2016;578;CarVisualsData
Ford_SpeedShopF100_1956;2722;CarVisualsData
Ford_Supervan4_2022;2093;CarVisualsData
Ford_WeaverCustomsModelAElite_1931;124;CarVisualsData
Ford_WeaverCustomsModelALB_1931;1654;CarVisualsData
Ford_WeaverCustomsModelAMS_1931;1587;CarVisualsData
Ford_WeaverCustomsMustangFastback_1968;2114;CarVisualsData
FSD_ConceptCar_2027;2561;CarVisualsData
Ginetta_Akula_2019;1396;CarVisualsData
Ginetta_AkulaGold_2019;1760;CarVisualsData
GTA_SpanoCrew_2015;683;CarVisualsData
GTA_SpanoCrewRecycled_2015;678;CarVisualsData
Hennessey_CamaroExorcistReward_2017;507;CarVisualsData
Hennessey_CamaroExorcistRewardRecycled_2017;505;CarVisualsData
Hennessey_CamaroTheResurrection_2017;676;CarVisualsData
Hennessey_VenomF5_2020;1516;CarVisualsData
Hennessey_VenomF5_2021;1991;CarVisualsData
Hennessey_VenomF5Gold_2020;135;CarVisualsData
Hennessey_VenomF5Revolution_2023;2585;CarVisualsData
Hennessey_VenomF5RoadsterReward_2023;2105;CarVisualsData
Hennessey_VenomF5RoadsterRewardRecycled_2023;2109;CarVisualsData
Hennessey_VenomGT_2012;137;CarVisualsData
Hennessey_VenomGTSpyderReward_2016;676;CarVisualsData
Hennessey_VenomGTSpyderRewardGold_2016;1004;CarVisualsData
Hennessey_VenomGTSpyderRewardRecycled_2016;134;CarVisualsData
Honda_AIMGAINGTNSXEvo_2017;712;CarVisualsData
Honda_AIMGAINGTNSXReward_2017;1550;CarVisualsData
Honda_AIMGAINGTNSXRewardRecycled_2017;1578;CarVisualsData
Honda_Civic15VTECCrew_1994;675;CarVisualsData
Honda_Civic15VTECCrewRecycled_1994;712;CarVisualsData
Honda_CivicEGTNR_1995;1000139;CarVisualsData
Honda_CivicEJ1F1_1993;1150;CarVisualsData
Honda_CivicTypeR_2017;942;CarVisualsData
Honda_CivicTypeRElite_2017;716;CarVisualsData
Honda_CivicTypeRReward_2023;942;CarVisualsData
Honda_CivicTypeRRewardRecycled_2023;2227;CarVisualsData
Honda_CivicTypeRTNR_2017;1000134;CarVisualsData
Honda_CivicTypeRVaris_2017;942;CarVisualsData
Honda_IndyTruck_2017;2166;CarVisualsData
Honda_LBNSXReward_2017;942;CarVisualsData
Honda_LBNSXRewardRecycled_2017;956;CarVisualsData
Honda_NSXLBWorksReward_1992;1545;CarVisualsData
Honda_NSXLBWorksRewardRecycled_1992;744;CarVisualsData
Honda_NSXRClassic_1992;1150;CarVisualsData
Honda_NSXReward_2017;738;CarVisualsData
Honda_NSXRewardRecycled_2017;747;CarVisualsData
Honda_NSXRocketBunny_1992;1763;CarVisualsData
Honda_NSXTNR_1992;1000128;CarVisualsData
Honda_S2000F1_2001;1545;CarVisualsData
Honda_S2000F2_2001;999;CarVisualsData
Honda_S2000TNR_2001;1000122;CarVisualsData
Honda_VarisS2000Reward_2005;2696;CarVisualsData
Honda_VarisS2000RewardRecycled_2005;1150;CarVisualsData
Honda_VeilsideNSXReward_1995;1307;CarVisualsData
Honda_VeilsideNSXRewardRecycled_1995;2765;CarVisualsData
Hyperion_XP1_2023;2538;CarVisualsData
Hyundai_ElantraNReward_2022;2082;CarVisualsData
Hyundai_ElantraNRewardRecycled_2022;2058;CarVisualsData
Hyundai_IONIQ5NNPX1Reward_2024;2496;CarVisualsData
Hyundai_IONIQ5NNPX1RewardRecycled_2024;2127;CarVisualsData
Hyundai_Ioniq5NReward_2023;2125;CarVisualsData
Hyundai_Ioniq5NRewardRecycled_2023;2127;CarVisualsData
Hyundai_IONIQ6NReward_2025;2058;CarVisualsData
Hyundai_IONIQ6NRewardRecycled_2025;2120;CarVisualsData
Hyundai_NVision74Concept_2023;2174;CarVisualsData
Hyundai_VelosterTurboRSpec_2014;502;CarVisualsData
Hyundai_VelosterTurboRSpecARK_2014;502;CarVisualsData
Hyundai_VelosterTurboRSpecCrew_2014;557;CarVisualsData
Indy_Car_2021;1839;CarVisualsData
Infiniti_Q60ProjectBlackSReward_2018;1424;CarVisualsData
Infiniti_Q60ProjectBlackSRewardRecycled_2018;1425;CarVisualsData
Italdesign_ZerounoDuerta_2018;1851;CarVisualsData
Italdesign_ZerounoReward_2017;1677;CarVisualsData
Italdesign_ZerounoRewardRecycled_2017;1678;CarVisualsData
Jaguar_CX75PrototypeCrew_2013;311;CarVisualsData
Jaguar_CX75PrototypeReward_2013;311;CarVisualsData
Jaguar_CX75PrototypeRewardRecycled_2013;309;CarVisualsData
Jaguar_FTYPERConvertibleReward_2021;307;CarVisualsData
Jaguar_FTYPERConvertibleRewardRecycled_2021;1920;CarVisualsData
Jaguar_FTypeRCoupe_2016;307;CarVisualsData
Jaguar_FTypeRCoupeF8_2016;307;CarVisualsData
Jaguar_FTypeSVRCoupeReward_2019;1090;CarVisualsData
Jaguar_FTypeSVRCoupeRewardRecycled_2019;1091;CarVisualsData
Jaguar_Project7Boss_2016;494;CarVisualsData
Jaguar_Project7VIP_2016;307;CarVisualsData
Jaguar_XESVProject8F9_2018;1094;CarVisualsData
Jaguar_XESVProject8Reward_2018;307;CarVisualsData
Jaguar_XESVProject8RewardRecycled_2018;1094;CarVisualsData
Jaguar_XJ220Classic_1993;1151;CarVisualsData
Jaguar_XKRSGT_2014;301;CarVisualsData
Jeep_GladiatorF9_2019;1935;CarVisualsData
Jeep_GladiatorReward_2019;2073;CarVisualsData
Jeep_GladiatorRewardRecycled_2019;2069;CarVisualsData
Jeep_GrandCherokeeTrackhawk_2018;957;CarVisualsData
Jeep_GrandCherokeeTrackhawkF9_2018;1936;CarVisualsData
Kia_StingerGTS_2020;1552;CarVisualsData
Kimera_EVO37_2022;2041;CarVisualsData
Kimera_EVO37Gold_2022;2061;CarVisualsData
Kimera_EVO37Martini_2024;2556;CarVisualsData
Kimera_EVO38_2024;2603;CarVisualsData
Koenigsegg_AgeraR_2013;424;CarVisualsData
Koenigsegg_AgeraRSReward_2017;1014;CarVisualsData
Koenigsegg_AgeraRSRewardRecycled_2017;643;CarVisualsData
Koenigsegg_CC850_2023;1683;CarVisualsData
Koenigsegg_Gemera_2021;1693;CarVisualsData
Koenigsegg_Gemera_2025;2669;CarVisualsData
Koenigsegg_GemeraLE_2021;1671;CarVisualsData
Koenigsegg_Jesko_2020;1386;CarVisualsData
Koenigsegg_JeskoAbsolut_2021;1682;CarVisualsData
Koenigsegg_JeskoGold_2020;641;CarVisualsData
Koenigsegg_JeskoRoofless_2020;645;CarVisualsData
Koenigsegg_One1_2014;251;CarVisualsData
Koenigsegg_RegeraHalloween_2016;640;CarVisualsData
Koenigsegg_RegeraReward_2016;646;CarVisualsData
Koenigsegg_RegeraRewardGold_2016;251;CarVisualsData
Koenigsegg_RegeraRewardRecycled_2016;640;CarVisualsData
KTM_XBowGTX_2020;1040;CarVisualsData
KTM_XBowRReward_2011;1040;CarVisualsData
KTM_XBowRRewardRecycled_2011;1042;CarVisualsData
Lamborghini_Autentica_2023;329;CarVisualsData
Lamborghini_AventadorLP7004_2011;464;CarVisualsData
Lamborghini_AventadorLP7504Superveloce_2015;334;CarVisualsData
Lamborghini_AventadorSJReward_2021;1614;CarVisualsData
Lamborghini_AventadorSJRewardRecycled_2021;315;CarVisualsData
Lamborghini_AventadorSVJReward_2019;328;CarVisualsData
Lamborghini_AventadorSVJRewardRecycled_2019;1109;CarVisualsData
Lamborghini_AventadorSVJRoadster_2020;1614;CarVisualsData
Lamborghini_AventadorSVJRoadsterReward_2020;1681;CarVisualsData
Lamborghini_AventadorSVJRoadsterRewardRecycled_2020;333;CarVisualsData
Lamborghini_AventadorTNR_2021;1000129;CarVisualsData
Lamborghini_Centenario_2017;1624;CarVisualsData
Lamborghini_CentenarioRoadsterAdPersonam_2017;842;CarVisualsData
Lamborghini_CentenarioRoadsterAndroid_2017;775;CarVisualsData
Lamborghini_CentenarioRoadsteriOS_2017;772;CarVisualsData
Lamborghini_CountachClassic_1988;1149;CarVisualsData
Lamborghini_CountachLPI8004_2022;1934;CarVisualsData
Lamborghini_CountachLPI8004Reward_2022;2033;CarVisualsData
Lamborghini_CountachLPI8004RewardRecycled_2022;2035;CarVisualsData
Lamborghini_DiabloGT_2000;2646;CarVisualsData
Lamborghini_DiabloSV_1997;2226;CarVisualsData
Lamborghini_EssenzaSCV12_2021;1836;CarVisualsData
Lamborghini_EssenzaSCV12Monterey_2021;1937;CarVisualsData
Lamborghini_EssenzaSCV12Nero_2021;2045;CarVisualsData
Lamborghini_Fenomeno_2026;2605;CarVisualsData
Lamborghini_FewOff_2020;1390;CarVisualsData
Lamborghini_FewOffAdPersonam_2020;1613;CarVisualsData
Lamborghini_HuracanEvoReward_2019;1493;CarVisualsData
Lamborghini_HuracanEvoRewardRecycled_2019;337;CarVisualsData
Lamborghini_HuracanEvoSpyderReward_2019;1490;CarVisualsData
Lamborghini_HuracanEvoSpyderRewardRecycled_2019;314;CarVisualsData
Lamborghini_HuracanEVOTNR_2021;1000133;CarVisualsData
Lamborghini_HuracanGT3Evo2_2024;2221;CarVisualsData
Lamborghini_HuracanGT3EVORacecar_2019;1800;CarVisualsData
Lamborghini_HuracanLP6104_2014;323;CarVisualsData
Lamborghini_HuracanLP6104Reward_2014;487;CarVisualsData
Lamborghini_HuracanLP6104RewardRecycled_2014;317;CarVisualsData
Lamborghini_HuracanPerformanteReward_2018;830;CarVisualsData
Lamborghini_HuracanPerformanteRewardRecycled_2018;831;CarVisualsData
Lamborghini_HuracanPerformanteSpyder_2019;323;CarVisualsData
Lamborghini_HuracanSterratoHoliday_2021;2586;CarVisualsData
Lamborghini_HuracanSterratoReward_2021;2145;CarVisualsData
Lamborghini_HuracanSterratoRewardRecycled_2021;315;CarVisualsData
Lamborghini_HuracanSTO_2021;320;CarVisualsData
Lamborghini_HuracanSTOEVO_2021;1717;CarVisualsData
Lamborghini_HuracanTecnicaReward_2023;1836;CarVisualsData
Lamborghini_HuracanTecnicaRewardRecycled_2023;2005;CarVisualsData
Lamborghini_Invencible_2023;2139;CarVisualsData
Lamborghini_IVReward_2024;2163;CarVisualsData
Lamborghini_IVRewardRecycled_2024;992;CarVisualsData
Lamborghini_LB634_2024;2285;CarVisualsData
Lamborghini_LBAventadorLP7004Reward_2011;915;CarVisualsData
Lamborghini_LBAventadorLP7004RewardGold_2011;1179;CarVisualsData
Lamborghini_LBAventadorLP7004RewardRecycled_2011;916;CarVisualsData
Lamborghini_LBAventadorLP7004RewardVIP_2011;1281;CarVisualsData
Lamborghini_LBCountachLPReward_1988;459;CarVisualsData
Lamborghini_LBCountachLPRewardRecycled_1988;333;CarVisualsData
Lamborghini_LBMurcielagoSVReward_2009;333;CarVisualsData
Lamborghini_LBMurcielagoSVRewardRecycled_2009;1519;CarVisualsData
Lamborghini_LBSilhouetteHuracanReward_2014;317;CarVisualsData
Lamborghini_LBSilhouetteHuracanRewardRecycled_2014;1610;CarVisualsData
Lamborghini_LBWKMurcielagoReward_2009;465;CarVisualsData
Lamborghini_LBWKMurcielagoRewardRecycled_2009;1149;CarVisualsData
Lamborghini_MiuraSVLPClassic_1971;2359;CarVisualsData
Lamborghini_MurcielagoLP640F8_2006;879;CarVisualsData
Lamborghini_MurcielagoSVReward_2009;333;CarVisualsData
Lamborghini_MurcielagoSVRewardRecycled_2009;330;CarVisualsData
Lamborghini_Reventon_2008;2692;CarVisualsData
Lamborghini_RevueltoReward_2024;2141;CarVisualsData
Lamborghini_RevueltoRewardRecycled_2024;2142;CarVisualsData
Lamborghini_RevueltoSS1_2024;1490;CarVisualsData
Lamborghini_RevueltoSS2_2024;2766;CarVisualsData
Lamborghini_SC18Alston_2019;1245;CarVisualsData
Lamborghini_SC20_2020;1852;CarVisualsData
Lamborghini_SC63LMDH_2024;2231;CarVisualsData
Lamborghini_SestoElementoCrew_2012;995;CarVisualsData
Lamborghini_SestoElementoCrewRecycled_2012;335;CarVisualsData
Lamborghini_SianRoadster_2021;1655;CarVisualsData
Lamborghini_TemerarioReward_2025;1037;CarVisualsData
Lamborghini_TemerarioRewardRecycled_2025;835;CarVisualsData
Lamborghini_TerzoMillennio_2017;1958;CarVisualsData
Lamborghini_UrusPerformanteReward_2023;2128;CarVisualsData
Lamborghini_UrusPerformanteRewardRecycled_2023;992;CarVisualsData
Lamborghini_UrusPHEVReward_2024;2251;CarVisualsData
Lamborghini_UrusPHEVRewardRecycled_2024;2253;CarVisualsData
Lamborghini_UrusReward_2018;992;CarVisualsData
Lamborghini_UrusRewardRecycled_2018;993;CarVisualsData
Lamborghini_Veneno_2013;1154;CarVisualsData
Lamborghini_VenenoGold_2013;333;CarVisualsData
Lamborghini_VenenoRoadster_2014;1476;CarVisualsData
Lamborghini_VenenoRoadsterGold_2014;323;CarVisualsData
Lancia_DeltaHFIntegraleEvo2_1994;2244;CarVisualsData
Landrover_RangeRoverEvoqueCoupeCrew_2016;516;CarVisualsData
Landrover_RangeRoverEvoqueCoupeCrewRecycled_2016;686;CarVisualsData
Lexus_LC500ConvertibleReward_2017;2495;CarVisualsData
Lexus_LC500ConvertibleRewardRecycled_2017;2492;CarVisualsData
Lexus_LC500TNR_2018;1000116;CarVisualsData
Lexus_LFA_2011;1630;CarVisualsData
Lexus_LFAGold_2011;1871;CarVisualsData
Lexus_LFANurburgringPackage_2011;1811;CarVisualsData
LocalMotor_RallyFighter_2013;1130;CarVisualsData
LocalMotor_RallyFighterF8_2013;927;CarVisualsData
Lotus_Evija_2020;1989;CarVisualsData
Lotus_EvijaReward_2020;2189;CarVisualsData
Lotus_EvijaRewardRecycled_2020;2188;CarVisualsData
Lotus_EvoraGT430Reward_2018;1391;CarVisualsData
Lotus_EvoraGT430RewardRecycled_2018;357;CarVisualsData
Lotus_Exige360CupCrew_2016;364;CarVisualsData
Lotus_Exige360CupCrewRecycled_2016;358;CarVisualsData
Lotus_ExigeLF1_2014;358;CarVisualsData
Lotus_ExigeS_2014;356;CarVisualsData
Lotus_Type131Reward_2022;1860;CarVisualsData
Lotus_Type131RewardRecycled_2022;1865;CarVisualsData
Lotus_VorsteinerEmiraReward_2022;2390;CarVisualsData
Lotus_VorsteinerEmiraRewardRecycled_2022;2389;CarVisualsData
Maserati_7DesignMC20VIP_2021;2053;CarVisualsData
Maserati_GhibliSQ4_2014;869;CarVisualsData
Maserati_GranTurismoMCReward_2018;1265;CarVisualsData
Maserati_GranTurismoMCRewardRecycled_2018;1257;CarVisualsData
Maserati_LBGranTurismoS_2018;1008;CarVisualsData
Maserati_MC12_2004;1143;CarVisualsData
Maserati_MC12BC_2004;861;CarVisualsData
Maserati_MC12CarbonBlue_2004;1928;CarVisualsData
Maserati_MC20CieloReward_2023;2168;CarVisualsData
Maserati_MC20CieloRewardRecycled_2023;2051;CarVisualsData
Maserati_MC20Coupe_2021;2115;CarVisualsData
Mazda_Furai_2008;1791;CarVisualsData
Mazda_KRCJapanRX8Reward_2004;1025;CarVisualsData
Mazda_KRCJapanRX8RewardRecycled_2004;1021;CarVisualsData
Mazda_LBSuperSilhouetteRX7_1993;2175;CarVisualsData
Mazda_LBSuperSilhouetteRX7SE_1993;2248;CarVisualsData
Mazda_MX5_2016;1016;CarVisualsData
Mazda_PandeMMX5_2016;1625;CarVisualsData
Mazda_RBRX8_2004;1025;CarVisualsData
Mazda_RX7F1_1993;1033;CarVisualsData
Mazda_RX7F2_1993;2386;CarVisualsData
Mazda_RX7F3_1993;1307;CarVisualsData
Mazda_RX7Reward_1993;894;CarVisualsData
Mazda_RX7RewardEaster_1993;1243;CarVisualsData
Mazda_RX7RewardRecycled_1993;880;CarVisualsData
Mazda_RX7TNR_1993;1000121;CarVisualsData
Mazda_RX8F3_2004;1924;CarVisualsData
Mazda_RX8TNR_2008;1000138;CarVisualsData
Mazzanti_EvantraMillecavalli_2019;1310;CarVisualsData
Mazzanti_EvantraMillecavalliGold_2019;1311;CarVisualsData
McLaren_570S_2016;366;CarVisualsData
McLaren_600LTReward_2019;1178;CarVisualsData
McLaren_600LTRewardRecycled_2019;36;CarVisualsData
McLaren_600LTSpiderReward_2020;1583;CarVisualsData
McLaren_600LTSpiderRewardRecycled_2020;1584;CarVisualsData
McLaren_650S_2015;285;CarVisualsData
McLaren_675LTSpiderReward_2016;622;CarVisualsData
McLaren_675LTSpiderRewardRecycled_2016;371;CarVisualsData
McLaren_720SGT3_2019;1478;CarVisualsData
McLaren_720SGT3X_2021;684;CarVisualsData
McLaren_720SSpiderReward_2019;1350;CarVisualsData
McLaren_720SSpiderRewardRecycled_2019;281;CarVisualsData
McLaren_720STNR_2017;1000127;CarVisualsData
McLaren_750SReward_2023;283;CarVisualsData
McLaren_750SRewardRecycled_2023;2288;CarVisualsData
McLaren_765LT_2021;1674;CarVisualsData
McLaren_765LTSpiderReward_2021;1890;CarVisualsData
McLaren_765LTSpiderRewardRecycled_2021;1584;CarVisualsData
McLaren_ArturaReward_2022;1857;CarVisualsData
McLaren_ArturaRewardRecycled_2022;1856;CarVisualsData
McLaren_ArturaSpiderReward_2024;283;CarVisualsData
McLaren_ArturaSpiderRewardRecycled_2024;2293;CarVisualsData
McLaren_Elva_2021;1703;CarVisualsData
McLaren_ElvaGold_2021;36;CarVisualsData
McLaren_ElvaGOSH_2021;1854;CarVisualsData
McLaren_ElvaMSO_2021;1351;CarVisualsData
McLaren_ElvaWindscreenReward_2021;2297;CarVisualsData
McLaren_ElvaWindscreenRewardRecycled_2021;1170;CarVisualsData
McLaren_F1_1993;1165;CarVisualsData
McLaren_F1GT_1997;2219;CarVisualsData
McLaren_F1LM_1995;1478;CarVisualsData
McLaren_GTReward_2020;1635;CarVisualsData
McLaren_GTRewardRecycled_2020;36;CarVisualsData
McLaren_LB650SReward_2015;749;CarVisualsData
McLaren_LB650SRewardGold_2015;1294;CarVisualsData
McLaren_LB650SRewardRecycled_2015;748;CarVisualsData
McLaren_P14CoupeReward_2017;750;CarVisualsData
McLaren_P14CoupeRewardRecycled_2017;754;CarVisualsData
McLaren_P14CoupeSH1_2017;35;CarVisualsData
McLaren_P1_2014;42;CarVisualsData
McLaren_P1GTREvo_2015;36;CarVisualsData
McLaren_P1GTRReward_2015;684;CarVisualsData
McLaren_P1GTRRewardRecycled_2015;685;CarVisualsData
McLaren_Sabre_2022;283;CarVisualsData
McLaren_Senna_2018;456;CarVisualsData
McLaren_SennaCarbon_2018;1616;CarVisualsData
McLaren_SennaGOSH_2018;1854;CarVisualsData
McLaren_SennaGTR_2020;1174;CarVisualsData
McLaren_SennaGTRLM_2020;1889;CarVisualsData
McLaren_SennaLE_2018;1735;CarVisualsData
McLaren_SLR722EditionCrew_2007;40;CarVisualsData
McLaren_SLR722EditionReward_2006;1976;CarVisualsData
McLaren_SLR722EditionRewardRecycled_2006;259;CarVisualsData
McLaren_SLR722SRoadster_2009;1976;CarVisualsData
McLaren_SolusGT_2023;2091;CarVisualsData
McLaren_Speedtail_2019;1389;CarVisualsData
McLaren_SpeedtailOrange_2019;1746;CarVisualsData
McLaren_SpeedtailRed_2019;2081;CarVisualsData
McLaren_SpeedtailRedSEG_2019;2081;CarVisualsData
McLaren_Vorsteiner570VXReward_2016;774;CarVisualsData
McLaren_Vorsteiner570VXRewardRecycled_2016;41;CarVisualsData
McLaren_Vorsteiner720SReward_2018;974;CarVisualsData
McLaren_Vorsteiner720SRewardRecycled_2018;750;CarVisualsData
McLaren_W1_2025;2426;CarVisualsData
McMurtry_Speirling_2022;2102;CarVisualsData
MercedesAMG_CLAEVReward_2025;2408;CarVisualsData
MercedesAMG_CLAEVRewardRecycled_2025;2409;CarVisualsData
MercedesAMG_CLE53CoupeReward_2024;2716;CarVisualsData
MercedesAMG_CLE53CoupeRewardRecycled_2024;2688;CarVisualsData
MercedesAMG_G63SUVReward_2020;1881;CarVisualsData
MercedesAMG_G63SUVRewardRecycled_2020;1888;CarVisualsData
MercedesAMG_GT3_2020;1802;CarVisualsData
MercedesAMG_GT_2015;265;CarVisualsData
MercedesAMG_GTBlackSeriesReward_2020;1670;CarVisualsData
MercedesAMG_GTBlackSeriesRewardRecycled_2020;375;CarVisualsData
MercedesAMG_GTRReward_2017;852;CarVisualsData
MercedesAMG_GTRRewardHalloween_2017;852;CarVisualsData
MercedesAMG_GTRRewardRecycled_2017;267;CarVisualsData
MercedesAMG_GTSF8_2015;776;CarVisualsData
MercedesAMG_S63CoupeReward_2020;266;CarVisualsData
MercedesAMG_S63CoupeRewardRecycled_2020;259;CarVisualsData
MercedesAMGF1_W11_2020;1848;CarVisualsData
MercedesAMGF1_W11VB_2020;1848;CarVisualsData
MercedesBenz_300SLClassic_1954;259;CarVisualsData
MercedesBenz_A45AMG_2014;139;CarVisualsData
MercedesBenz_A45AMGElite_2014;147;CarVisualsData
MercedesBenz_C63AMGCoupeBlackSeries_2014;258;CarVisualsData
MercedesBenz_C63AMGEdition507_2014;374;CarVisualsData
MercedesBenz_CLA45AMGShootingBrakeBoss_2015;476;CarVisualsData
MercedesBenz_CLKGTR_1999;1853;CarVisualsData
MercedesBenz_LBC63AMGCoupeBlackSeries_2014;267;CarVisualsData
MercedesBenz_SL65AMGBlackSeries_2009;263;CarVisualsData
MercedesBenz_SLSAMGBlackSeries_2013;264;CarVisualsData
Mini_CooperJCWGP_2020;1546;CarVisualsData
Mini_CooperS_2014;159;CarVisualsData
Mini_CooperSElite_2014;153;CarVisualsData
Mitsubishi_EclipseF1_1995;1034;CarVisualsData
Mitsubishi_EclipseSpyderF2_2003;2352;CarVisualsData
Mitsubishi_LancerEvolutionIXF3_2006;1615;CarVisualsData
Mitsubishi_LancerEvolutionVIIF2_2002;1316;CarVisualsData
Mitsubishi_LancerEVOXTNR_2015;1000120;CarVisualsData
Mitsubishi_VoltexEvoIXReward_2005;2208;CarVisualsData
Mitsubishi_VoltexEvoIXRewardRecycled_2005;1098;CarVisualsData
Nilu27_NILU_2025;2318;CarVisualsData
Nissan_240SXRocketBunnyBossReward_1995;1985;CarVisualsData
Nissan_240SXRocketBunnyBossRewardRecycled_1995;1010;CarVisualsData
Nissan_350ZF3_2003;1296;CarVisualsData
Nissan_350ZRocketBunny_2003;1307;CarVisualsData
Nissan_350ZRocketBunnyV2_2003;1762;CarVisualsData
Nissan_350ZRocketBunnyV2Easter_2003;1975;CarVisualsData
Nissan_ActiveSkylineGTRR33_1995;2481;CarVisualsData
Nissan_GTR50_2021;1644;CarVisualsData
Nissan_GTR50Reward_2020;1643;CarVisualsData
Nissan_GTR50RewardRecycled_2020;1618;CarVisualsData
Nissan_GTR_2017;926;CarVisualsData
Nissan_GTRNismoCrew_2017;166;CarVisualsData
Nissan_GTRNismoCrewRecycled_2017;161;CarVisualsData
Nissan_GTRNISMOGT3_2015;1404;CarVisualsData
Nissan_GTRNismoNReward_2017;1190;CarVisualsData
Nissan_GTRNismoNRewardRecycled_2017;166;CarVisualsData
Nissan_GTRNISMOReward_2024;2140;CarVisualsData
Nissan_GTRNISMORewardRecycled_2024;166;CarVisualsData
Nissan_GTRPremium_2015;163;CarVisualsData
Nissan_GTRR35BensopraF6_2012;1697;CarVisualsData
Nissan_GTRReward_2015;477;CarVisualsData
Nissan_GTRRewardRecycled_2015;602;CarVisualsData
Nissan_GTRTNR_2017;1000117;CarVisualsData
Nissan_JukeR20ConceptReward_2015;1408;CarVisualsData
Nissan_JukeR20ConceptRewardRecycled_2015;1397;CarVisualsData
Nissan_KRCJapanGTRR35Reward_2017;2085;CarVisualsData
Nissan_KRCJapanGTRR35RewardRecycled_2017;2086;CarVisualsData
Nissan_LBER34Skyline_2002;2425;CarVisualsData
Nissan_LBGTRType2_2017;1940;CarVisualsData
Nissan_LBSuperSilhouetteSilviaS15_1999;1404;CarVisualsData
Nissan_PandeMGTRR33Reward_1995;2040;CarVisualsData
Nissan_PandeMGTRR33RewardRecycled_1995;2057;CarVisualsData
Nissan_ProtoZ_2020;1793;CarVisualsData
Nissan_SilviaS14F1_1997;1903;CarVisualsData
Nissan_SilviaS15Crew_1999;740;CarVisualsData
Nissan_SilviaS15CrewRecycled_1999;767;CarVisualsData
Nissan_SilviaS15F3_1999;1594;CarVisualsData
Nissan_SilviaS15RocketBunny_1999;885;CarVisualsData
Nissan_SilviaS15TNR_1999;1000126;CarVisualsData
Nissan_SkylineGTRF4_2002;1298;CarVisualsData
Nissan_SkylineGTRR33F1_1995;1925;CarVisualsData
Nissan_SkylineGTRR34F2_1999;998;CarVisualsData
Nissan_SkylineGTRR34TNR_2002;1000118;CarVisualsData
Nissan_SkylineR33NismoSTune_1995;998;CarVisualsData
Nissan_StillenMaximaF1_1999;1912;CarVisualsData
Nissan_TopSecret350ZF3_2003;1908;CarVisualsData
Nissan_VeilsideZReward_2023;2553;CarVisualsData
Nissan_VeilsideZRewardRecycled_2023;2224;CarVisualsData
Nissan_Zero4Skyline2000GT_1971;2679;CarVisualsData
Nissan_ZNISMOReward_2024;2229;CarVisualsData
Nissan_ZNISMORewardRecycled_2024;2223;CarVisualsData
Nissan_ZTNR_2023;1000130;CarVisualsData
Noble_M500_2022;2076;CarVisualsData
Noble_M600CarbonSport_2017;1186;CarVisualsData
Noble_M600F9_2017;1972;CarVisualsData
Noble_M600Reward_2017;1188;CarVisualsData
Noble_M600RewardRecycled_2017;1187;CarVisualsData
Noble_M600SpeedsterReward_2018;1780;CarVisualsData
Noble_M600SpeedsterRewardRecycled_2018;2024;CarVisualsData
Pagani_C10_2023;2017;CarVisualsData
Pagani_C10Reward_2023;2209;CarVisualsData
Pagani_C10RewardRecycled_2023;825;CarVisualsData
Pagani_Huayra_2014;229;CarVisualsData
Pagani_HuayraBCReward_2016;751;CarVisualsData
Pagani_HuayraBCRewardRecycled_2016;752;CarVisualsData
Pagani_HuayraBCRoadster_2019;827;CarVisualsData
Pagani_HuayraBCRoadsterLS_2019;1315;CarVisualsData
Pagani_HuayraBCRoadsterPB_2019;753;CarVisualsData
Pagani_HuayraCodalunga_2022;2245;CarVisualsData
Pagani_HuayraCodalungaSpeedster_2025;2668;CarVisualsData
Pagani_HuayraElite_2014;229;CarVisualsData
Pagani_HuayraR_2021;751;CarVisualsData
Pagani_HuayraREvo_2024;2410;CarVisualsData
Pagani_HuayraRoadsterReward_2017;777;CarVisualsData
Pagani_HuayraRoadsterRewardRecycled_2017;812;CarVisualsData
Pagani_Imola_2021;1761;CarVisualsData
Pagani_ImolaGold_2021;1927;CarVisualsData
Pagani_ImolaRoadster_2023;2315;CarVisualsData
Pagani_UtopiaRoadster_2024;2343;CarVisualsData
Pagani_ZondaBarchetta_2018;777;CarVisualsData
Pagani_ZondaCinqueCoupe_2009;814;CarVisualsData
Pagani_ZondaCinqueCoupeReward_2009;811;CarVisualsData
Pagani_ZondaCinqueCoupeRewardRecycled_2009;805;CarVisualsData
Pagani_ZondaCinqueRoadster_2010;814;CarVisualsData
Pagani_ZondaCinqueRoadsterReward_2010;1970;CarVisualsData
Pagani_ZondaCinqueRoadsterRewardRecycled_2010;1971;CarVisualsData
Pagani_ZondaREvoBarchetta_2021;751;CarVisualsData
Pagani_ZondaRevolucion_2013;751;CarVisualsData
Pininfarina_B95_2025;2341;CarVisualsData
Pininfarina_Battista_2020;2059;CarVisualsData
Pininfarina_BattistaNinoFarina_2023;2152;CarVisualsData
Pininfarina_BattistaReward_2022;2173;CarVisualsData
Pininfarina_BattistaRewardRecycled_2022;2152;CarVisualsData
Placeholder_CoveredCar_1234;730;CarVisualsData
Plymouth_FormulaSBarracuda_1968;1626;CarVisualsData
Plymouth_FormulaSBarracudaElite_1968;472;CarVisualsData
Plymouth_FuryJimBelvedere_1958;2512;CarVisualsData
Plymouth_HemiCudaClassic_1971;1146;CarVisualsData
Plymouth_RidesByKamBarracuda_1970;2305;CarVisualsData
Plymouth_RingbrothersCuda_1970;2549;CarVisualsData
Plymouth_RoadRunnerGTXF8_1971;874;CarVisualsData
Plymouth_RuffianCoupe_1935;2719;CarVisualsData
Plymouth_SuperbirdLPClassic_1970;2452;CarVisualsData
Plymouth_WeaverCustomsCudaTorcReward4thJuly_2016;919;CarVisualsData
Plymouth_WeaverCustomsCudaTorcReward_2016;919;CarVisualsData
Plymouth_WeaverCustomsCudaTorcRewardRecycled_2016;919;CarVisualsData
Pontiac_FieroF9_1986;1500;CarVisualsData
Pontiac_FirebirdTransAm_1977;1496;CarVisualsData
Pontiac_GTOTheJudgeClassic_1969;1127;CarVisualsData
Pontiac_HorizonMotorsportsTransAm_1973;2306;CarVisualsData
Pontiac_NHRFirebird_1970;2726;CarVisualsData
Pontiac_RyansFirebirdTransAm_1978;2117;CarVisualsData
Porsche_718BoxsterS_2017;717;CarVisualsData
Porsche_718BoxsterSpyder_2020;682;CarVisualsData
Porsche_718CaymanGT4_2020;719;CarVisualsData
Porsche_718CaymanGT4RS_2022;1948;CarVisualsData
Porsche_718SpyderRSReward_2024;2138;CarVisualsData
Porsche_718SpyderRSRewardRecycled_2024;719;CarVisualsData
Porsche_911Carrera4SCabrioletReward_2020;727;CarVisualsData
Porsche_911Carrera4SCabrioletRewardRecycled_2020;1221;CarVisualsData
Porsche_911CarreraRS27LPClassic_1973;2478;CarVisualsData
Porsche_911DakarReward_2023;2310;CarVisualsData
Porsche_911DakarRewardRecycled_2023;2266;CarVisualsData
Porsche_911GT1StraBenversion_1996;681;CarVisualsData
Porsche_911GT2_1993;2220;CarVisualsData
Porsche_911GT2RS_2017;717;CarVisualsData
Porsche_911GT2RSClubSport_2019;1706;CarVisualsData
Porsche_911GT2RSClubSportSalzburg_2019;717;CarVisualsData
Porsche_911GT2RSGold_2017;719;CarVisualsData
Porsche_911GT2RSVIP_2017;681;CarVisualsData
Porsche_911GT39922_2025;682;CarVisualsData
Porsche_911GT3_2022;1837;CarVisualsData
Porsche_911GT3R992_2022;2404;CarVisualsData
Porsche_911GT3Reward_2018;717;CarVisualsData
Porsche_911GT3RewardRecycled_2018;860;CarVisualsData
Porsche_911GT3RRennsport_2023;682;CarVisualsData
Porsche_911GT3RS992_2023;717;CarVisualsData
Porsche_911GT3RS992Tribute_2023;682;CarVisualsData
Porsche_911GT3RS997_2012;2697;CarVisualsData
Porsche_911GT3RSCrew_2016;679;CarVisualsData
Porsche_911GT3RSCrewRecycled_2016;682;CarVisualsData
Porsche_911GT3RSReward_2018;1028;CarVisualsData
Porsche_911GT3RSRewardRecycled_2018;681;CarVisualsData
Porsche_911GT3TouringReward_2022;2062;CarVisualsData
Porsche_911GT3TouringRewardRecycled_2022;897;CarVisualsData
Porsche_911RReward_2017;682;CarVisualsData
Porsche_911RRewardRecycled_2017;681;CarVisualsData
Porsche_911RWBReward_1972;717;CarVisualsData
Porsche_911RWBRewardRecycled_1972;1948;CarVisualsData
Porsche_911SpeedsterReward_2020;681;CarVisualsData
Porsche_911SpeedsterRewardRecycled_2020;717;CarVisualsData
Porsche_911STReward_2024;2459;CarVisualsData
Porsche_911STRewardRecycled_2024;1221;CarVisualsData
Porsche_911STRII_1972;682;CarVisualsData
Porsche_911Targa4GTSReward_2025;717;CarVisualsData
Porsche_911Targa4GTSRewardRecycled_2025;2348;CarVisualsData
Porsche_911Targa4SReward_2021;1792;CarVisualsData
Porsche_911Targa4SRewardRecycled_2021;681;CarVisualsData
Porsche_911Turbo930LPClassic_1977;2637;CarVisualsData
Porsche_911TurboFlachbauC_1987;2478;CarVisualsData
Porsche_911TurboSReward_2016;731;CarVisualsData
Porsche_911TurboSReward_2021;1221;CarVisualsData
Porsche_911TurboSReward_2026;2138;CarVisualsData
Porsche_911TurboSRewardRecycled_2016;679;CarVisualsData
Porsche_911TurboSRewardRecycled_2021;717;CarVisualsData
Porsche_911TurboSRewardRecycled_2026;717;CarVisualsData
Porsche_912Hoonipigasus_1966;2034;CarVisualsData
Porsche_917K_1970;2360;CarVisualsData
Porsche_918SpyderGold_2015;1032;CarVisualsData
Porsche_918SpyderMartini_2015;730;CarVisualsData
Porsche_918SpyderReward_2015;730;CarVisualsData
Porsche_918SpyderRewardRecycled_2015;681;CarVisualsData
Porsche_919Street_2020;2587;CarVisualsData
Porsche_935_2019;682;CarVisualsData
Porsche_935Gold_2019;2540;CarVisualsData
Porsche_935Salzburg_2019;717;CarVisualsData
Porsche_959_1988;724;CarVisualsData
Porsche_962C_1987;2398;CarVisualsData
Porsche_963LMDh_2023;2360;CarVisualsData
Porsche_Bisimoto935K3V_1984;2328;CarVisualsData
Porsche_Canepa959_1988;1110;CarVisualsData
Porsche_CarreraGTClassic_2003;681;CarVisualsData
Porsche_CayenneTurboGTReward_2022;1959;CarVisualsData
Porsche_CayenneTurboGTRewardRecycled_2022;1948;CarVisualsData
Porsche_CaymanGT4_2016;725;CarVisualsData
Porsche_CaymanGT4Salzburg_2016;717;CarVisualsData
Porsche_DD911GTRSRReward_2017;1978;CarVisualsData
Porsche_DD911GTRSRRewardRecycled_2017;1962;CarVisualsData
Porsche_Manthey911GT3RSReward_2024;718;CarVisualsData
Porsche_Manthey911GT3RSRewardRecycled_2024;682;CarVisualsData
Porsche_MissionRConcept_2021;2098;CarVisualsData
Porsche_PanameraSportTurismoReward_2021;1815;CarVisualsData
Porsche_PanameraSportTurismoRewardRecycled_2021;1818;CarVisualsData
Porsche_RWB911Turbo_1991;682;CarVisualsData
Porsche_RWB964Reward_1991;718;CarVisualsData
Porsche_RWB964RewardRecycled_1991;897;CarVisualsData
Porsche_RWB993Evo_1993;1348;CarVisualsData
Porsche_RWB993Reward_1993;1266;CarVisualsData
Porsche_RWB993RewardRecycled_1993;679;CarVisualsData
Porsche_RWB993Rotana_1993;1102;CarVisualsData
Porsche_TaycanTurboGTReward_2025;2264;CarVisualsData
Porsche_TaycanTurboGTRewardRecycled_2025;2266;CarVisualsData
Porsche_TaycanTurboSCrossTurismo_2022;1815;CarVisualsData
Porsche_TaycanTurboSPride_2021;2103;CarVisualsData
Porsche_TaycanTurboSReward_2021;682;CarVisualsData
Porsche_TaycanTurboSRewardRecycled_2021;1930;CarVisualsData
Porsche_VorsteinerGT4VCS_2016;682;CarVisualsData
Radford_Type62GOSH_2021;2254;CarVisualsData
Radford_Type62PikesPeak_2023;2357;CarVisualsData
Radford_Type62Reward_2021;2323;CarVisualsData
Radford_Type62RewardRecycled_2021;2326;CarVisualsData
RAESR_TachyonSpeed_2024;2562;CarVisualsData
RAM_1500TRX_2021;1894;CarVisualsData
Rimac_Nevera_2021;2029;CarVisualsData
Rimac_NeveraR_2025;2563;CarVisualsData
Rimac_NeveraReward_2022;2192;CarVisualsData
Rimac_NeveraRewardrecycled_2022;2194;CarVisualsData
Saleen_S1Reward_2018;1106;CarVisualsData
Saleen_S1RewardRecycled_2018;1107;CarVisualsData
Saleen_S7Classic_2004;1148;CarVisualsData
SCG_004CS_2020;1333;CarVisualsData
SCG_007_2021;1333;CarVisualsData
SCG_SCG003S_2017;1001;CarVisualsData
SCG_SCG003SCarbon_2017;1482;CarVisualsData
SCG_SCG004CReward_2019;1223;CarVisualsData
SCG_SCG004CRewardRecycled_2019;1001;CarVisualsData
Shelby_Cobra427SCClassic_1965;1145;CarVisualsData
Shelby_CobraDaytonaLP_1964;2363;CarVisualsData
Shelby_MustangSuperSnakeR_2025;2717;CarVisualsData
Shelby_SuperSnakeReward_2019;119;CarVisualsData
Shelby_SuperSnakeRewardRecycled_2019;495;CarVisualsData
Shelby_SuperSnakeS650Reward_2024;119;CarVisualsData
Shelby_SuperSnakeS650RewardRecycled_2024;1801;CarVisualsData
Spyker_C8PreliatorReward_2017;1267;CarVisualsData
Spyker_C8PreliatorRewardRecycled_2017;1268;CarVisualsData
Spyker_C8PreliatorSpyder_2017;1728;CarVisualsData
SSC_Tuatara_2019;1255;CarVisualsData
SSC_TuataraGold_2019;1664;CarVisualsData
SSC_TuataraSilver_2019;1909;CarVisualsData
SSC_TuataraStriker_2022;1990;CarVisualsData
SSC_TuataraWRE_2020;1901;CarVisualsData
SSC_UltimateAeroTT_2009;2693;CarVisualsData
Subaru_BRZF8_2013;786;CarVisualsData
Subaru_BRZRocketBunny_2013;918;CarVisualsData
Subaru_BRZRocketBunnyVIP_2013;1705;CarVisualsData
Subaru_BRZtSReward_2024;2416;CarVisualsData
Subaru_BRZtSRewardRecycled_2024;2417;CarVisualsData
Subaru_BRZtSTNR_2020;1000114;CarVisualsData
Subaru_ImprezaWRXF4_2009;1599;CarVisualsData
Subaru_ImprezaWRXSTI_2014;171;CarVisualsData
Subaru_VarisImprezaWRXSTI_2014;1766;CarVisualsData
Subaru_VarisWRXSTICALM_2018;2271;CarVisualsData
Subaru_WRXSTIF8_2018;887;CarVisualsData
Subaru_WRXSTIGobstopperII_2015;1656;CarVisualsData
Subaru_WRXSTITNR_2018;1000119;CarVisualsData
Toyota_86_2014;238;CarVisualsData
Toyota_86Boss_2014;511;CarVisualsData
Toyota_CamryNASCAR_2022;1977;CarVisualsData
Toyota_GR86TNR_2023;1000136;CarVisualsData
Toyota_GRSupra_2020;1303;CarVisualsData
Toyota_GRSupraF9_2020;1945;CarVisualsData
Toyota_GRSupraTNR_2020;1000115;CarVisualsData
Toyota_GRSupraV2TNR_2021;1000137;CarVisualsData
Toyota_GRYarisReward_2021;2545;CarVisualsData
Toyota_GRYarisRewardRecycled_2021;2546;CarVisualsData
Toyota_LBGRSupraReward_2020;1846;CarVisualsData
Toyota_LBGRSupraRewardRecycled_2020;1847;CarVisualsData
Toyota_PandeMGRSupraV15_2020;1754;CarVisualsData
Toyota_PandeMGRSupraV1_2020;1304;CarVisualsData
Toyota_SprinterTruenoAE86_1980;1977;CarVisualsData
Toyota_SupraMK4TNR_1994;1000123;CarVisualsData
Toyota_SupraMKIVF1_1994;1039;CarVisualsData
Toyota_SupraMKIVF7_1995;2723;CarVisualsData
Toyota_SupraMKIVVaris_1994;1745;CarVisualsData
TVR_GriffithReward_2019;1489;CarVisualsData
TVR_GriffithRewardRecycled_2019;1588;CarVisualsData
TVR_Sagaris_2006;1489;CarVisualsData
TVR_SagarisReward_2006;1751;CarVisualsData
TVR_SagarisRewardRecycled_2006;1747;CarVisualsData
Ultima_EVOCoupeReward_2016;1707;CarVisualsData
Ultima_EVOCoupeRewardRecycled_2016;1708;CarVisualsData
Ultima_EVOCoupeSupercharged_2016;1707;CarVisualsData
Ultima_RS_2020;1456;CarVisualsData
Ultima_RSGold_2020;1715;CarVisualsData
Volkswagen_GolfGTI_2014;478;CarVisualsData
Volkswagen_GolfGTICrew_1982;472;CarVisualsData
Volkswagen_GolfGTICrewRecycled_1982;758;CarVisualsData
Volkswagen_GolfGTIElite_2014;765;CarVisualsData
Volkswagen_IDR_2019;2060;CarVisualsData
Volkswagen_JettaF1_1995;478;CarVisualsData
Volkswagen_RocketBunnyGolfGTI_2014;945;CarVisualsData
Volkswagen_SciroccoR_2015;383;CarVisualsData
VUHL_05RRReward_2019;1398;CarVisualsData
VUHL_05RRRewardRecycled_2019;1413;CarVisualsData
WMotors_FenyrSupersportReward_2016;982;CarVisualsData
WMotors_FenyrSupersportRewardRecycled_2016;983;CarVisualsData
WMotors_LykanHyperSportReward_2015;474;CarVisualsData
WMotors_LykanHyperSportRewardRecycled_2015;568;CarVisualsData
Zenvo_AuroraAgil_2024;2235;CarVisualsData
Zenvo_AuroraTur_2024;2230;CarVisualsData
Zenvo_AuroraTurReward_2024;2237;CarVisualsData
Zenvo_AuroraTurRewardRecycled_2024;2235;CarVisualsData
Zenvo_TS1GT_2018;929;CarVisualsData
Zenvo_TS1GTReward_2018;1100;CarVisualsData
Zenvo_TS1GTRewardRecycled_2018;1002;CarVisualsData
Zenvo_TSRGTReward_2023;2329;CarVisualsData
Zenvo_TSRGTRewardRecycled_2023;1324;CarVisualsData
Zenvo_TSRS_2019;1280;CarVisualsData
Zenvo_TSRS_2020;1619;CarVisualsData
Zenvo_TSRSGold_2020;2106;CarVisualsData
