crdb;recommended_amount
AstonMartin_DB5Classic_1964;17400
Bugatti_EB110SSClassic_1992;50000
Chevrolet_CorvetteC1LPClassic_1958;70000
Chevrolet_CorvetteZR1Classic_1970;25800
Chevrolet_NovaSSLPClassic_1970;64000
Datsun_240ZLPClassic_1972;62000
Dodge_ChallengerRTLPClassic_1970;64000
Dodge_ViperSR1LPClassic_1995;70000
Ferrari_250GTOClassic_1962;14800
Ford_EscortMk1RS2000LPClassic_1973;70000
Ford_GT40MkII_1966;35600
Ford_MustangShelbyGT350LPClassic_1965;56000
Ford_MustangSVTCobraRLPClassic_1993;64000
Honda_NSXRClassic_1992;36000
Jaguar_XJ220Classic_1993;53400
Lamborghini_CountachClassic_1988;40400
Lamborghini_MiuraSVLPClassic_1971;64000
MercedesBenz_300SLClassic_1954;17400
Plymouth_HemiCudaClassic_1971;38200
Plymouth_SuperbirdLPClassic_1970;69000
Pontiac_GTOTheJudgeClassic_1969;29600
Porsche_911CarreraRS27LPClassic_1973;61000
Porsche_911Turbo930LPClassic_1977;62000
Porsche_CarreraGTClassic_2003;50000
Saleen_S7Classic_2004;56400
Shelby_Cobra427SCClassic_1965;25800
