raw;crdb;ctie;nitrous(fidr)full;gear(nlpr) full;tyres(ttpp)full;power(cppi)full;Perf(cepi)full
1;Abarth_500_2014;TIER_1;3.25;0.71;0.36;350;509
2;Abarth_500_2014;TIER_1;3.25;0.72;0.36;350;550
3;Acura_IntegraGSRF1_1998;TIER_5;2.0;1.0;0.0;713;2521
4;Acura_IntegraTypeRDB8F1_1995;TIER_5;2.0;1.0;0.0;713;2475
5;Acura_NSXF9_2018;TIER_4;2.94;1.0;0.0;674;1307
6;Acura_NSXTypeSReward_2022;TIER_5;2.09;1.0;0.0;713;2086
7;Acura_NSXTypeSRewardRecycled_2022;TIER_5;2.09;1.0;0.0;713;2060
8;AlfaRomeo_4CCoupeCrew_2013;TIER_2;2.01;0.95;0.0;485;916
9;AlfaRomeo_4CCoupeCrewRecycled_2013;TIER_2;2.09;0.96;0.0;485;821
10;AlfaRomeo_4CSpider_2016;TIER_2;2.16;0.83;0.54;483;818
11;AlfaRomeo_4CSpider_2016;TIER_2;3.01;0.93;0.54;483;771
12;AlfaRomeo_8CCompetizione_2007;TIER_4;2.76;0.85;;673;1665
13;AlfaRomeo_8CSpiderReward_2009;TIER_4;4.18;;;673;694
14;AlfaRomeo_8CSpiderRewardRecycled_2009;TIER_4;4.18;;;673;675
15;AlfaRomeo_GiuliaGTAmReward_2021;TIER_4;2.0;1.0;0.0;673;1578
16;AlfaRomeo_GiuliaGTAmRewardRecycled_2021;TIER_4;2.0;1.0;0.0;673;1555
17;AlfaRomeo_GiuliaQuadrifoglio_2017;TIER_3;3.92;0.99;0.0;581;699
18;Alpine_A110_2018;TIER_2;3.02;1.0;0.0;483;1274
19;AMC_RingbrothersJavelinDefiant_1972;TIER_5;2.0;1.0;0.08;713;2405
20;Apollo_IntensaEmozione_2019;TIER_5;2.86;1.0;0.18;714;2236
21;Apollo_IntensaEmozioneCarbon_2019;TIER_5;2.24;1.0;0.0;715;2247
22;Apollo_IntensaEmozioneOrangeDragon_2019;TIER_5;2.86;1.0;0.18;714;2236
23;Apollo_ProjectEvo_2022;TIER_5;2.0;1.0;0.0;713;2577
24;Apollo_S_2008;TIER_5;2.0;1.0;0.0;713;2677
25;Arrinera_HussaryaReward_2020;TIER_5;2.0;1.0;0.53;713;2042
26;Arrinera_HussaryaRewardRecycled_2020;TIER_5;2.0;1.0;0.53;713;2010
27;Aspark_Owl_2021;TIER_5;2.0;1.0;0.0;713;2531
28;Aspark_OwlSP600_2024;TIER_5;2.0;1.0;0.0;713;2609
29;AstonMartin_DB11Reward_2017;TIER_5;2.84;1.0;0.0;713;1594
30;AstonMartin_DB11RewardRecycled_2017;TIER_5;2.88;1.0;0.0;713;1566
31;AstonMartin_DB12_2023;TIER_5;2.0;1.0;0.0;713;2469
32;AstonMartin_DB12VolanteReward_2024;TIER_5;2.0;1.0;0.0;713;2274
33;AstonMartin_DB12VolanteRewardRecycled_2024;TIER_5;2.0;1.0;0.0;713;2245
34;AstonMartin_DB5Classic_1964;TIER_2;4.54;0.86;0.0;481;1049
35;AstonMartin_DBR22_2023;TIER_5;2.0;1.0;0.0;713;2512
36;AstonMartin_DBS770UltimateReward_2023;TIER_5;2.0;1.0;0.0;713;2140
37;AstonMartin_DBS770UltimateRewardRecycled_2023;TIER_5;2.0;1.0;0.0;713;2117
38;AstonMartin_DBSGTZagato_2020;TIER_5;2.1;1.0;0.0;713;2227
39;AstonMartin_DBSSuperleggeraReward_2019;TIER_5;2.69;0.92;0.06;714;2063
40;AstonMartin_DBSSuperleggeraRewardRecycled_2019;TIER_5;2.74;1.0;0.06;714;2042
41;AstonMartin_DBSVolanteReward_2020;TIER_5;2.0;0.94;0.16;714;1979
42;AstonMartin_DBSVolanteRewardRecycled_2020;TIER_5;2.37;1.0;0.0;714;1971
43;AstonMartin_DBX707Reward_2023;TIER_4;2.0;1.0;0.63;673;1812
44;AstonMartin_DBX707RewardRecycled_2023;TIER_4;2.0;1.0;0.62;673;1789
45;AstonMartin_DBXReward_2019;TIER_4;3.13;0.79;0.0;672;1052
46;AstonMartin_DBXRewardRecycled_2019;TIER_4;3.11;0.83;0.0;672;1027
47;AstonMartin_DBXSReward_2026;TIER_4;2.0;1.0;0.0;673;2026
48;AstonMartin_DBXSRewardRecycled_2026;TIER_4;2.0;1.0;0.0;673;1993
49;AstonMartin_One77Reward_2010;TIER_5;2.24;1.0;;713;1730
50;AstonMartin_One77RewardRecycled_2010;TIER_5;2.24;1.0;;713;1730
51;AstonMartin_V12Speedster_2021;TIER_5;2.0;1.0;0.0;713;2291
52;AstonMartin_V12SpeedsterDBR1_2021;TIER_5;2.0;1.0;0.0;713;2343
53;AstonMartin_V12Vantage_2023;TIER_5;2.0;1.0;0.0;713;2292
54;AstonMartin_V12VantageRReward_2023;TIER_5;2.0;1.0;0.0;713;2292
55;AstonMartin_V12VantageRRewardRecycled_2023;TIER_5;2.0;1.0;0.0;713;2264
56;AstonMartin_Valhalla_2020;TIER_5;2.0;1.0;0.0;714;2418
57;AstonMartin_Valhalla_2025;TIER_5;2.0;1.0;0.0;713;2458
58;AstonMartin_ValhallaGold_2020;TIER_5;2.0;1.0;0.0;714;2327
59;AstonMartin_Valiant_2025;TIER_5;2.0;1.0;0.0;713;2528
60;AstonMartin_Valkyrie_2020;TIER_5;2.77;0.0;0.0;713;2355
61;AstonMartin_ValkyrieAMRPro_2022;TIER_5;2.0;1.0;0.0;713;2481
62;AstonMartin_ValkyrieAMRProConcept_2020;TIER_5;2.65;0.0;0.0;713;2464
63;AstonMartin_ValkyrieSpider_2022;TIER_5;2.0;1.0;0.0;713;2373
64;AstonMartin_ValkyrieSpirit_2020;TIER_5;2.68;0.0;0.0;713;2409
65;AstonMartin_ValkyrieTrackPack_2020;TIER_5;2.0;0.0;0.0;713;2430
66;AstonMartin_ValkyrieTrackPackAMR_2020;TIER_5;2.7;0.0;0.0;713;2441
67;AstonMartin_Valour_2024;TIER_5;2.0;1.0;0.0;713;2528
68;AstonMartin_ValourReward_2024;TIER_5;2.0;1.0;0.0;713;2528
69;AstonMartin_ValourRewardRecycled_2024;TIER_5;2.0;1.0;0.0;713;2502
70;AstonMartin_Vanquish_2014;TIER_4;4.26;0.84;0.16;672;715
71;AstonMartin_Vanquish_2014;TIER_4;4.22;0.93;0.14;672;646
72;AstonMartin_Vanquish_2025;TIER_5;2.0;1.0;0.0;713;2392
73;AstonMartin_VanquishVReward_2025;TIER_5;2.0;1.0;0.0;713;2469
74;AstonMartin_VanquishVRewardRecycled_2025;TIER_5;2.0;1.0;0.0;713;2444
75;AstonMartin_VanquishZagatoReward_2017;TIER_5;2.0;0.97;0.0;714;1903
76;AstonMartin_VanquishZagatoRewardRecycled_2017;TIER_5;2.05;0.99;0.0;714;1863
77;AstonMartin_VanquishZagatoSB_2017;TIER_5;2.0;1.0;0.0;714;2067
78;AstonMartin_Vantage_2024;TIER_5;2.0;1.0;0.0;713;2447
79;AstonMartin_VantageGT12_2016;TIER_5;2.0;1.0;0.0;713;2472
80;AstonMartin_VantageGTE_2020;TIER_5;2.0;1.0;0.0;713;2444
81;AstonMartin_VantageRoadsterReward_2021;TIER_4;2.93;;;674;1318
82;AstonMartin_VantageRoadsterRewardRecycled_2021;TIER_4;2.93;;;674;1277
83;AstonMartin_VantageRReward_2025;TIER_5;2.0;1.0;0.0;713;2422
84;AstonMartin_VantageRRewardRecycled_2025;TIER_5;2.0;1.0;0.0;713;2399
85;AstonMartin_VantageV8Reward_2018;TIER_4;2.0;0.91;0.11;674;1503
86;AstonMartin_VantageV8RewardRecycled_2018;TIER_4;2.01;0.93;0.1;674;1521
87;AstonMartin_Victor_2020;TIER_5;2.0;0.99;0.54;713;2487
88;AstonMartin_VulcanReward_2016;TIER_5;2.0;1.0;0.52;714;2125
89;AstonMartin_VulcanReward_2016;TIER_5;3.46;0.5;0.5;714;2125
90;AstonMartin_VulcanRewardGold_2016;TIER_5;2.19;1.0;0.0;714;2127
91;AstonMartin_VulcanRewardRecycled_2016;TIER_5;2.0;1.0;0.52;714;2104
92;ATSAutomobili_GTReward_2018;TIER_5;2.41;1.0;0.0;713;2049
93;ATSAutomobili_GTRewardRecycled_2018;TIER_5;2.56;1.0;0.0;713;1994
94;ATSAutomobili_RRTurbo_2020;TIER_5;2.0;1.0;0.0;713;2264
95;Audi_ABTRS6RReward_2020;TIER_4;2.69;1.0;0.0;673;1744
96;Audi_ABTRS6RRewardRecycled_2020;TIER_4;2.69;1.0;0.0;673;1709
97;Audi_ABTRS7RReward_2020;TIER_4;2.69;1.0;0.0;673;1744
98;Audi_ABTRS7RRewardRecycled_2020;TIER_4;2.69;1.0;0.0;673;1709
99;Audi_LBR8V10PlusCoupeElite_2014;TIER_4;4.41;1.0;0.07;673;548
100;Audi_LBR8V10PlusCoupeReward_2014;TIER_4;4.38;1.0;0.11;674;1488
101;Audi_LBR8V10PlusCoupeRewardRecycled_2014;TIER_4;4.38;1.0;0.1;674;1473
102;Audi_LBRS5Coupe_2014;TIER_3;3.36;1.0;0.0;582;656
103;Audi_LBRS5CoupeElite_2014;TIER_3;5.0;1.0;0.1;581;711
104;Audi_NEWINGR8RSRReward_2016;TIER_5;2.62;1.0;0.53;713;1931
105;Audi_NEWINGR8RSRRewardRecycled_2016;TIER_5;2.62;1.0;0.53;713;1897
106;Audi_R18_2014;TIER_5;2.0;1.0;0.0;713;2519
107;Audi_R8LMSGT3_2019;TIER_5;2.0;1.0;0.53;713;2421
108;Audi_R8SpyderReward_2020;TIER_5;3.09;1.0;0.0;713;1903
109;Audi_R8SpyderRewardRecycled_2020;TIER_5;2.69;1.0;0.0;713;1751
110;Audi_R8V10Decennium_2019;TIER_5;2.91;1.0;0.0;713;1783
111;Audi_R8V10GreenHell_2020;TIER_5;3.01;1.0;0.0;713;1786
112;Audi_R8V10GTReward_2023;TIER_5;2.0;1.0;0.0;713;2059
113;Audi_R8V10GTRewardRecycled_2023;TIER_5;2.0;1.0;0.0;713;2027
114;Audi_R8V10PlusCoupe_2014;TIER_4;4.21;0.92;0.18;673;592
115;Audi_R8V10PlusCoupe_2016;TIER_5;3.23;1.0;0.17;713;1791
116;Audi_R8V10PlusCoupeReward_2016;TIER_5;3.08;1.0;0.0;713;1908
117;Audi_R8V10PlusCoupeRewardRecycled_2016;TIER_5;2.64;1.0;0.0;713;1782
118;Audi_RS3SedanReward_2023;TIER_3;2.55;1.0;0.0;581;1224
119;Audi_RS3SedanRewardRecycled_2023;TIER_3;2.55;1.0;0.0;581;1206
120;Audi_RS3SportbackReward_2023;TIER_3;2.55;1.0;0.0;581;1177
121;Audi_RS3SportbackRewardRecycled_2023;TIER_3;2.54;1.0;0.0;581;1158
122;Audi_RS5Coupe_2014;TIER_3;3.45;1.0;1.0;581;808
123;Audi_RS5Coupe_2014;TIER_3;3.12;1.0;0.59;581;539
124;Audi_RS5CoupeReward_2020;TIER_3;2.0;0.0;0.53;581;1032
125;Audi_RS5CoupeRewardRecycled_2020;TIER_3;2.0;0.0;0.53;581;1015
126;Audi_RS6AvantGTReward_2024;TIER_4;2.0;1.0;0.0;673;1910
127;Audi_RS6AvantGTRewardRecycled_2024;TIER_4;2.0;1.0;0.0;673;1879
128;Audi_RS6AvantReward_2020;TIER_4;2.68;1.0;0.0;673;1598
129;Audi_RS6AvantRewardRecycled_2020;TIER_4;2.68;1.0;0.0;673;1572
130;Audi_RS7SportbackReward_2020;TIER_4;3.09;1.0;0.0;673;1538
131;Audi_RS7SportbackRewardRecycled_2020;TIER_4;3.07;1.0;0.0;673;1522
132;Audi_RSetronGTReward_2022;TIER_5;2.0;1.0;0.0;713;2164
133;Audi_RSetronGTRewardRecycled_2022;TIER_5;2.0;1.0;0.0;713;2139
134;Audi_S1ETronQuattroHoonitron_2022;TIER_5;2.0;1.0;0.0;713;2586
135;Audi_TTRSCoupeIEReward_2023;TIER_4;5.0;1.0;0.0;673;1809
136;Audi_TTRSCoupeIERewardRecycled_2023;TIER_4;5.0;1.0;0.0;673;1790
137;Audi_TTRSPlusCoupe_2014;TIER_2;4.83;0.91;0.0;483;699
138;Audi_TTRSPlusCoupe_2014;TIER_2;5.0;0.9;0.0;483;632
139;BAC_MonoReward_2017;TIER_5;2.09;1.0;0.0;714;1731
140;BAC_MonoRewardRecycled_2017;TIER_5;2.09;0.98;0.0;714;1698
141;Bentley_BaturConvertibleReward_2025;TIER_5;2.0;1.0;0.0;713;2257
142;Bentley_BaturConvertibleRewardRecycled_2025;TIER_5;2.0;1.0;0.0;713;2228
143;Bentley_BentaygaReward_2018;TIER_4;2.17;0.87;0.21;674;723
144;Bentley_BentaygaRewardRecycled_2018;TIER_4;2.18;0.87;0.21;674;699
145;Bentley_ContinentalGT3PikesPeak_2021;TIER_5;2.0;1.0;0.0;713;2430
146;Bentley_ContinentalGT3RaceCar_2020;TIER_5;2.0;1.0;0.0;713;2429
147;Bentley_ContinentalGT3RReward_2015;TIER_5;2.68;0.98;0.17;713;1585
148;Bentley_ContinentalGT3RRewardRecycled_2015;TIER_5;2.23;0.98;0.17;713;1568
149;Bentley_ContinentalGTConvertibleReward_2019;TIER_5;3.48;0.83;0.01;713;1677
150;Bentley_ContinentalGTConvertibleRewardRecycled_2019;TIER_5;2.78;0.86;0.0;713;1658
151;Bentley_ContinentalGTCSpeedReward_2022;TIER_5;2.0;1.0;0.0;713;1949
152;Bentley_ContinentalGTCSpeedRewardRecycled_2022;TIER_5;2.0;0.89;0.0;713;1935
153;Bentley_ContinentalGTEVO_2026;TIER_5;2.0;1.0;0.0;713;
154;Bentley_ContinentalGTReward_2018;TIER_5;3.15;0.98;0.0;713;1701
155;Bentley_ContinentalGTRewardRecycled_2018;TIER_5;3.19;1.0;0.01;713;1689
156;Bentley_ContinentalGTSpeed_2016;TIER_5;3.12;1.0;0.0;712;1149
157;Bentley_ContinentalGTSpeed_2016;TIER_5;3.18;1.0;0.0;712;1056
158;Bentley_ContinentalGTSpeedReward_2021;TIER_5;2.99;1.0;0.0;713;2005
159;Bentley_ContinentalGTSpeedReward_2025;TIER_5;2.0;0.88;0.0;713;1975
160;Bentley_ContinentalGTSpeedRewardRecycled_2021;TIER_5;3.02;1.0;0.0;713;1979
161;Bentley_ContinentalGTSpeedRewardRecycled_2025;TIER_5;2.0;0.91;0.0;713;1961
162;Bentley_ContinentalGTV8SF8_2014;TIER_4;2.95;0.98;0.0;675;1769
163;Bentley_MullinerBacalarReward_2021;TIER_5;2.91;1.0;0.0;713;2068
164;Bentley_MullinerBacalarRewardRecycled_2021;TIER_5;2.92;1.0;0.0;713;2034
165;Bentley_MullinerBaturReward_2023;TIER_5;2.24;1.0;0.0;713;2152
166;Bentley_MullinerBaturRewardRecycled_2023;TIER_5;2.27;1.0;0.0;713;2128
167;Bentley_SupersportsReward_2026;TIER_5;2.0;1.0;0.0;713;2186
168;Bentley_SupersportsRewardRecycled_2026;TIER_5;2.0;1.0;0.0;713;2161
169;BMW_30CSLE9LP_1973;TIER_5;2.0;1.0;0.0;713;2570
170;BMW_ACSchnitzerM2Coupe_2016;TIER_3;3.57;1.0;0.0;583;803
171;BMW_ACSchnitzerZ4_2019;TIER_3;2.82;0.98;0.0;585;997
172;BMW_i8Elite_2017;TIER_4;3.62;0.9;0.05;673;747
173;BMW_i8Reward_2017;TIER_4;2.78;0.72;0.2;673;1088
174;BMW_i8RewardHoliday_2017;TIER_4;3.56;0.83;0.04;673;1103
175;BMW_i8RewardRecycled_2017;TIER_4;2.56;0.82;0.03;673;1153
176;BMW_i8RewardSilver_2017;TIER_4;3.59;0.86;0.04;673;1082
177;BMW_LBi8Reward_2017;TIER_4;3.84;0.92;0.26;673;1133
178;BMW_LBi8RewardRecycled_2017;TIER_4;3.78;0.92;0.23;673;1111
179;BMW_LBM4CoupeCrew_2014;TIER_3;3.31;1.0;0.0;585;720
180;BMW_LBM4CoupeCrewRecycled_2014;TIER_3;3.29;1.0;0.01;585;697
181;BMW_M1_1985;TIER_5;2.0;1.0;0.0;713;2487
182;BMW_M235iCoupe_2014;TIER_2;3.08;0.87;0.11;484;690
183;BMW_M235iCoupe_2014;TIER_2;3.41;0.91;0.22;484;604
184;BMW_M2Competition_2018;TIER_3;3.82;1.0;0.0;580;909
185;BMW_M2CoupeG87Reward_2023;TIER_3;2.0;1.0;0.0;581;1093
186;BMW_M2CoupeG87RewardRecycled_2023;TIER_3;2.0;1.0;0.0;581;1062
187;BMW_M2CSG87Reward_2025;TIER_4;2.87;1.0;0.0;673;1608
188;BMW_M2CSG87RewardRecycled_2025;TIER_4;2.86;1.0;0.0;673;1571
189;BMW_M2G87MPerformance_2023;TIER_3;2.0;1.0;0.0;581;1104
190;BMW_M2G87TNR_2023;TIER_5;2.0;1.0;0.0;713;1752
191;BMW_M3CSTouringReward_2025;TIER_4;3.15;1.0;0.55;673;1533
192;BMW_M3CSTouringRewardRecycled_2025;TIER_4;3.15;1.0;0.55;673;1500
193;BMW_M3E46GTR_2005;TIER_5;2.0;1.0;0.0;713;2642
194;BMW_M3E92CoupeGTSElite_2011;TIER_3;3.93;1.0;0.15;584;658
195;BMW_M3E92CoupeGTSReward_2011;TIER_3;3.56;0.98;0.12;584;654
196;BMW_M3E92CoupeGTSRewardRecycled_2011;TIER_3;3.57;0.97;0.11;584;628
197;BMW_M3SportEvoE30_1990;TIER_4;2.01;1.0;0.0;673;1733
198;BMW_M3TouringReward_2022;TIER_3;2.56;1.0;0.0;581;1058
199;BMW_M3TouringRewardRecycled_2022;TIER_3;2.56;1.0;0.0;581;1028
200;BMW_M4CompetitionG82TNR_2021;TIER_5;2.0;1.0;0.0;713;2064
201;BMW_M4Coupe_2014;TIER_3;4.99;1.0;0.0;580;698
202;BMW_M4Coupe_2014;TIER_3;4.45;1.0;0.09;580;620
203;BMW_M4CoupeMPerformance_2021;TIER_3;2.0;0.99;0.0;581;1059
204;BMW_M4CoupeReward_2021;TIER_3;2.54;1.0;0.0;581;1038
205;BMW_M4CoupeRewardRecycled_2021;TIER_3;2.54;1.0;0.0;581;1007
206;BMW_M4CSLReward_2022;TIER_4;3.15;1.0;1.0;673;1713
207;BMW_M4CSLRewardRecycled_2022;TIER_4;3.15;1.0;1.0;673;1681
208;BMW_M4GT3_2022;TIER_5;2.05;1.0;0.53;713;2496
209;BMW_M4GTS_2016;TIER_4;4.17;0.92;0.0;673;992
210;BMW_M5CompetitionReward_2019;TIER_4;3.5;1.0;0.0;674;1555
211;BMW_M5CompetitionRewardRecycled_2019;TIER_4;3.53;1.0;0.0;674;1558
212;BMW_M5CSReward_2022;TIER_4;3.23;0.95;0.0;674;1705
213;BMW_M5CSRewardRecycled_2022;TIER_4;3.37;1.0;0.0;674;1667
214;BMW_M5G99Touring_2024;TIER_5;2.22;1.0;0.0;713;2055
215;BMW_M5SedanReward_2024;TIER_5;2.0;1.0;0.0;713;2074
216;BMW_M5SedanRewardRecycled_2024;TIER_5;2.0;1.0;0.0;713;2048
217;BMW_M8Competition_2020;TIER_5;2.59;1.0;0.0;714;1911
218;BMW_M8ConvertiblePride_2021;TIER_5;2.54;1.0;0.0;714;1912
219;BMW_M8ConvertibleReward_2021;TIER_5;2.53;1.0;0.0;714;1910
220;BMW_M8ConvertibleRewardRecycled_2021;TIER_5;2.54;1.0;0.0;714;1882
221;BMW_M8Reward_2020;TIER_5;2.53;1.0;0.0;714;1883
222;BMW_M8RewardRecycled_2020;TIER_5;2.53;1.0;0.0;714;1853
223;BMW_RBM3E92Reward_2011;TIER_3;3.78;1.0;0.0;581;1143
224;BMW_RBM3E92RewardRecycled_2011;TIER_3;3.81;1.0;0.0;581;1121
225;BMW_VarisM4GTSReward_2016;TIER_4;4.16;1.0;0.0;674;979
226;BMW_VarisM4GTSRewardRecycled_2016;TIER_4;4.17;1.0;0.02;674;945
227;BMW_Z4_2019;TIER_3;4.67;1.0;0.0;585;846
228;BMW_Z4MCoupeCrew_2006;TIER_2;3.66;0.96;0.45;483;860
229;Brabham_BT62_2019;TIER_5;2.0;1.0;0.39;714;2243
230;Brabham_BT62Evo_2019;TIER_5;2.0;1.0;;714;2250
231;Brabham_BT62RReward_2020;TIER_5;2.0;1.0;;714;2250
232;Brabham_BT62RRewardRecycled_2020;TIER_5;2.0;1.0;0.33;714;2305
233;BTTF_TimeMachine1_1985;TIER_5;2.0;1.0;0.0;713;2637
234;BTTF_TimeMachine2_2015;TIER_5;2.0;1.0;0.0;713;2661
235;BTTF_TimeMachine3_1885;TIER_5;2.0;1.0;0.0;713;2699
236;Bugatti_AtlanticConcept_2015;TIER_5;2.0;1.0;0.0;715;2351
237;Bugatti_AtlanticConceptReward_2015;TIER_5;2.0;1.0;0.0;715;2351
238;Bugatti_AtlanticConceptRewardRecycled_2015;TIER_5;2.0;1.0;0.0;715;2323
239;Bugatti_Chiron42Seconds_2016;TIER_5;2.0;1.0;0.0;715;2139
240;Bugatti_ChironProfilee_2022;TIER_5;2.0;1.0;0.17;713;2326
241;Bugatti_ChironProjectHero_2016;TIER_5;2.0;1.0;0.14;713;2208
242;Bugatti_ChironPurSportEditionGP_2022;TIER_5;2.0;1.0;0.0;715;2055
243;Bugatti_ChironReward_2016;TIER_5;2.0;1.0;0.12;715;2123
244;Bugatti_ChironRewardGold_2016;TIER_5;2.0;1.0;0.44;715;2185
245;Bugatti_ChironRewardRecycled_2016;TIER_5;2.0;1.0;0.36;715;2105
246;Bugatti_ChironRLB_2020;TIER_5;2.0;1.0;0.17;715;2263
247;Bugatti_ChironRMS_2020;TIER_5;2.0;0.99;0.2;715;2242
248;Bugatti_ChironSport110_2018;TIER_5;2.0;1.0;0.27;715;2188
249;Bugatti_ChironSport_2016;TIER_5;2.0;1.0;0.12;715;2168
250;Bugatti_ChironSuperSport_2022;TIER_5;2.0;1.0;0.0;715;2410
251;Bugatti_ChironSuperSportWRE_2020;TIER_5;2.0;1.0;0.0;715;2459
252;Bugatti_Divo110_2019;TIER_5;2.0;1.0;0.21;715;2199
253;Bugatti_Divo_2019;TIER_5;2.0;1.0;0.26;715;2183
254;Bugatti_DivoGold_2019;TIER_5;2.0;1.0;0.14;715;2184
255;Bugatti_EB110HomageLB_2019;TIER_5;2.0;1.0;0.0;715;2273
256;Bugatti_EB110HomageMS_2019;TIER_5;2.0;1.0;0.08;715;2331
257;Bugatti_EB110SSClassic_1992;TIER_5;2.33;0.96;0.15;713;1006
258;Bugatti_LaVoitureNoire_2019;TIER_5;2.0;1.0;0.0;715;2351
259;Bugatti_LaVoitureNoire_2022;TIER_5;2.0;1.0;0.0;715;2468
260;Bugatti_Tourbillon_2026;TIER_5;2.0;1.0;0.0;713;2550
261;Bugatti_VeyronGrandSportVitesse_2012;TIER_5;2.86;1.0;0.0;714;2140
262;Bugatti_VeyronGrandSportVitesseAndroid_2012;TIER_5;2.11;1.0;0.0;714;2090
263;Bugatti_VeyronGrandSportVitesseiOS_2012;TIER_5;2.11;1.0;0.0;714;2090
264;Bugatti_VeyronGrandSportVitesseWRE_2012;TIER_5;2.88;1.0;0.0;714;2143
265;Bugatti_VeyronSuperSport_2012;TIER_5;2.88;1.0;0.55;714;2074
266;Bugatti_VeyronSuperSportGold_2012;TIER_5;2.0;0.96;0.16;715;2103
267;Bugatti_W16Mistral_2023;TIER_5;2.0;1.0;0.0;713;2539
268;Bugatti_W16MistralReward_2023;TIER_5;2.0;1.0;0.0;713;2539
269;Bugatti_W16MistralRewardRecycled_2023;TIER_5;2.0;1.0;0.0;713;2511
270;Bugatti_W16MistralWRE_2024;TIER_5;2.0;1.0;0.0;713;2539
271;Bugatti_X16_2024;TIER_5;2.0;1.0;0.0;715;2417
272;Bugatti_X16Gold_2024;TIER_5;2.0;1.0;0.0;715;2417
273;Buick_GNX_1987;TIER_5;2.0;1.0;0.0;713;2523
274;Buick_GrandNationalF4_1987;TIER_5;2.0;1.0;0.0;713;2575
275;Buick_RingbrothersGNX_1987;TIER_5;2.0;1.0;0.0;713;2596
276;Buick_RoadstershopGrandNational_1987;TIER_5;2.0;1.0;0.0;713;2575
277;Cadillac_CT5VBlackwingReward_2022;TIER_4;2.99;1.0;0.53;673;1685
278;Cadillac_CT5VBlackwingRewardRecycled_2022;TIER_4;2.99;1.0;0.53;673;1658
279;Cadillac_CTSVReward_2017;TIER_4;3.49;0.96;0.23;673;1084
280;Cadillac_CTSVRewardRecycled_2017;TIER_4;3.46;0.93;0.25;673;1050
281;Chevrolet_AlphaSixCamaroSSCrew_2016;TIER_3;5.0;1.0;0.53;584;725
282;Chevrolet_AlphaSixCamaroSSCrewRecycled_2016;TIER_3;5.0;1.0;0.53;584;646
283;Chevrolet_AmericanLegendsChevelle_1966;TIER_5;2.0;1.0;0.0;713;2565
284;Chevrolet_BBTImpala_1959;TIER_5;2.0;1.0;0.0;713;2370
285;Chevrolet_BlazinRodsChevelle_1970;TIER_5;2.0;1.0;0.0;713;2565
286;Chevrolet_C10Elite_2016;TIER_5;2.23;1.0;0.14;714;1653
287;Chevrolet_C10Halloween_2016;TIER_5;2.13;1.0;0.0;714;2127
288;Chevrolet_C10Reward_2016;TIER_5;2.11;1.0;0.0;714;2130
289;Chevrolet_C10RewardRecycled_2016;TIER_5;2.15;1.0;0.0;714;2115
290;Chevrolet_C10RewardVIP_2016;TIER_5;2.15;1.0;0.0;714;2130
291;Chevrolet_Camaro632_1988;TIER_5;2.0;1.0;0.0;713;2487
292;Chevrolet_CamaroSS_2016;TIER_3;3.41;1.0;0.35;584;658
293;Chevrolet_CamaroSS_2016;TIER_3;3.45;1.0;0.36;584;613
294;Chevrolet_CamaroSSNASCARXfinity_2021;TIER_5;2.0;1.0;0.53;713;2250
295;Chevrolet_CamaroZ28_2015;TIER_4;3.51;0.98;0.26;674;738
296;Chevrolet_CamaroZ28ASC_2015;TIER_4;4.64;1.0;0.12;675;633
297;Chevrolet_CamaroZL11LEReward_2018;TIER_5;3.28;1.0;0.0;713;1360
298;Chevrolet_CamaroZL11LERewardRecycled_2018;TIER_5;3.49;0.95;0.01;713;1341
299;Chevrolet_CamaroZL1Crew_2017;TIER_4;3.96;0.99;0.18;676;653
300;Chevrolet_CamaroZL1CrewRecycled_2017;TIER_4;3.91;1.0;0.2;676;642
301;Chevrolet_CamaroZL1NASCAR_2022;TIER_5;2.0;0.0;0.53;713;2479
302;Chevrolet_CapriceDonk_1971;TIER_5;2.0;1.0;0.0;713;2418
303;Chevrolet_COPOCamaroReward_2019;TIER_5;2.2;0.13;0.0;713;2330
304;Chevrolet_COPOCamaroRewardEvo_2019;TIER_5;2.15;1.0;0.0;713;2392
305;Chevrolet_COPOCamaroRewardRecycled_2019;TIER_5;2.23;0.08;0.0;713;2316
306;Chevrolet_CorvetteC1LPClassic_1958;TIER_5;2.0;1.0;1.0;713;1800
307;Chevrolet_CorvetteC4ZR1_1994;TIER_5;2.0;1.0;0.0;713;2019
308;Chevrolet_CorvetteC6ZR1_2012;TIER_5;2.0;1.0;0.0;713;2419
309;Chevrolet_CorvetteC7REditionReward_2015;TIER_4;3.49;1.0;0.0;673;187
310;Chevrolet_CorvetteC7REditionRewardRecycled_2015;TIER_4;3.49;1.0;0.0;673;171
311;Chevrolet_CorvetteC8Convertible_2020;TIER_4;5.0;1.0;0.0;674;1751
312;Chevrolet_CorvetteC8Reward_2020;TIER_4;5.0;1.0;0.06;674;1589
313;Chevrolet_CorvetteC8RewardRecycled_2020;TIER_4;5.0;1.0;0.0;674;1587
314;Chevrolet_CorvetteC8RLB_2020;TIER_5;2.0;1.0;0.0;714;2416
315;Chevrolet_CorvetteC8RMS_2020;TIER_5;2.0;1.0;0.0;714;2385
316;Chevrolet_CorvetteC8ZR1_2024;TIER_5;2.0;1.0;0.0;713;2470
317;Chevrolet_CorvetteC8ZR1Reward_2024;TIER_5;2.0;1.0;0.0;713;2383
318;Chevrolet_CorvetteC8ZR1RewardRecycled_2024;TIER_5;2.0;1.0;0.0;713;2355
319;Chevrolet_CorvetteGrandSport_2017;TIER_3;4.73;1.0;0.0;583;876
320;Chevrolet_CorvetteStingray_2015;TIER_3;3.68;0.97;0.1;583;527
321;Chevrolet_CorvetteStingray_2015;TIER_3;3.41;1.0;0.21;583;489
322;Chevrolet_CorvetteStingRayC2F8_1966;TIER_4;2.88;1.0;0.42;672;974
323;Chevrolet_CorvetteStingrayTNR_2020;TIER_5;2.09;1.0;0.0;713;1852
324;Chevrolet_CorvetteZ06C8CReward_2023;TIER_5;5.0;1.0;0.0;713;2092
325;Chevrolet_CorvetteZ06C8CRewardRecycled_2023;TIER_5;5.0;1.0;0.0;713;2071
326;Chevrolet_CorvetteZ06Reward_2023;TIER_5;5.0;1.0;0.0;713;2092
327;Chevrolet_CorvetteZ06RewardRecycled_2023;TIER_5;5.0;1.0;0.0;713;2067
328;Chevrolet_CorvetteZ06Z07Package_2023;TIER_5;5.0;1.0;0.0;713;2221
329;Chevrolet_CorvetteZR1Classic_1970;TIER_3;3.24;0.95;0.12;581;813
330;Chevrolet_CorvetteZR1Reward_2018;TIER_5;2.88;1.0;0.51;713;2027
331;Chevrolet_CorvetteZR1RewardRecycled_2018;TIER_5;2.88;1.0;0.51;713;1990
332;Chevrolet_CorvetteZR1SH1_2018;TIER_5;2.88;1.0;0.51;713;2027
333;Chevrolet_DuSoldDesignCamaro_1967;TIER_5;2.0;1.0;0.0;713;2603
334;Chevrolet_DutchboysCamaroLB_1969;TIER_5;2.23;1.0;0.0;715;2197
335;Chevrolet_DutchboysCamaroMS_1969;TIER_5;2.23;1.0;0.0;715;2172
336;Chevrolet_EddiesCorvetteC2_1963;TIER_5;2.0;1.0;0.53;713;2467
337;Chevrolet_GAPCorvette_1972;TIER_5;2.0;1.0;0.0;713;2466
338;Chevrolet_GarretCamaro_1972;TIER_5;2.44;;;713;2573
339;Chevrolet_GreeningCamaroIROCZ_1985;TIER_5;2.0;1.0;0.0;713;2498
340;Chevrolet_HSCustomsCamaroReward_2016;TIER_5;2.04;1.0;0.0;715;1510
341;Chevrolet_HSCustomsCamaroRewardRecycled_2016;TIER_5;2.04;1.0;0.0;715;1463
342;Chevrolet_HSCustomsChevelle_1968;TIER_5;2.0;1.0;0.0;713;2460
343;Chevrolet_KellySonBelAir_1957;TIER_5;2.24;1.0;0.0;713;2573
344;Chevrolet_LBCamaroIROCZReward_1987;TIER_5;2.0;1.0;0.0;713;2344
345;Chevrolet_LBCamaroIROCZRewardRecycled_1987;TIER_5;2.0;1.0;0.0;713;2321
346;Chevrolet_LMCorvetteC8_2020;TIER_5;2.0;1.0;0.0;713;2393
347;Chevrolet_LMCorvetteZ06Reward_2023;TIER_5;5.0;1.0;0.0;713;2092
348;Chevrolet_LMCorvetteZ06RewardRecycled_2023;TIER_5;5.0;1.0;0.0;713;2067
349;Chevrolet_LostAngelsCamaro_1970;TIER_5;2.0;1.0;0.0;713;2571
350;Chevrolet_LowerLevelGarageApache_1959;TIER_5;2.0;1.0;0.0;713;2400
351;Chevrolet_MonteCarloRaceCarF9_1995;TIER_5;2.0;1.0;0.0;713;2468
352;Chevrolet_NapalmNova_1972;TIER_5;2.0;1.0;0.0;713;2563
353;Chevrolet_NASCARCamaroZL1_2020;TIER_5;2.0;1.0;0.0;714;2441
354;Chevrolet_NASCARCamaroZL1JE_2020;TIER_5;2.0;1.0;0.0;714;2441
355;Chevrolet_NovaSSF9_1970;TIER_5;2.0;1.0;0.52;713;2361
356;Chevrolet_NovaSSLPClassic_1970;TIER_5;2.0;1.0;0.0;713;1582
357;Chevrolet_PandeMCamaroZ28_1972;TIER_5;2.0;1.0;0.0;713;2300
358;Chevrolet_PickUpVerminsDiner_1936;TIER_5;2.0;1.0;0.0;713;2413
359;Chevrolet_PickUpVerminsDinerOG_1936;TIER_5;2.0;1.0;0.0;713;2469
360;Chevrolet_QuintinBrotherCamaroReward_1968;TIER_5;2.1;1.0;0.0;712;1977
361;Chevrolet_QuintinBrotherCamaroRewardRecycled_1968;TIER_5;2.18;1.0;0.0;712;1960
362;Chevrolet_RBCorvetteC8StingrayReward_2020;TIER_4;5.0;1.0;0.06;674;1589
363;Chevrolet_RBCorvetteC8StingrayRewardRecycled_2020;TIER_4;5.0;1.0;0.07;674;1571
364;Chevrolet_RingbrothersCamaro_1969;TIER_5;2.0;1.0;0.0;714;2373
365;Chevrolet_RingbrothersCamaroUSA_1969;TIER_5;2.0;1.0;0.0;714;2406
366;Chevrolet_RingbrothersChevelle_1966;TIER_5;2.01;1.0;0.53;713;2547
367;Chevrolet_RingbrothersPickUp_1948;TIER_5;2.0;1.0;0.0;713;2545
368;Chevrolet_RoadsterShopCamaro_1970;TIER_5;2.0;1.0;0.0;713;2526
369;Chevrolet_SickSecondsCamaroSS_1969;TIER_5;2.0;1.0;0.0;713;2559
370;Chevrolet_TimmBuiltElCamino_1978;TIER_5;2.0;1.0;0.0;713;2607
371;Chevrolet_WeaverCamaro_1969;TIER_5;2.0;1.0;0.0;713;2461
372;Chevrolet_WeaverCustoms3100_1949;TIER_5;2.0;1.0;0.0;713;2307
373;Chevrolet_WolfeKustomsBelAir_1957;TIER_5;2.0;1.0;0.0;713;2485
374;Chevrolet_ZwygartNova_1967;TIER_5;2.0;1.0;0.0;713;2570
375;Czinger_21C_2021;TIER_5;2.0;1.0;0.52;712;2472
376;Czinger_21CGold_2021;TIER_5;2.0;1.0;0.0;712;2372
377;Czinger_21CVMax_2023;TIER_5;2.0;1.0;0.0;713;2440
378;Dallara_EXP_2021;TIER_5;2.0;1.0;0.0;713;2495
379;Dallara_Stradale_2019;TIER_5;2.0;1.0;0.0;713;2495
380;Dallara_StradaleReward_2019;TIER_5;2.0;1.0;0.0;713;2495
381;Dallara_StradaleRewardRecycled_2019;TIER_5;2.0;1.0;0.0;713;2472
382;Datsun_240ZLPClassic_1972;TIER_5;2.0;1.0;0.0;713;2085
383;DeTomaso_P900_2022;TIER_5;2.0;1.0;0.0;713;2622
384;DeTomaso_PanteraGT5S_1984;TIER_5;2.0;1.0;0.0;713;2416
385;Devel_Sixteen_2022;TIER_5;2.0;1.0;0.0;713;2377
386;Dodge_ChallengerMoparDragPak_2021;TIER_5;2.0;1.0;0.0;713;2378
387;Dodge_ChallengerMoparDragPakGold_2021;TIER_5;2.0;1.0;0.0;713;2352
388;Dodge_ChallengerRTLPClassic_1970;TIER_5;2.0;1.0;0.0;713;2150
389;Dodge_ChallengerRTShakerF7_2015;TIER_4;3.26;1.0;0.0;673;1851
390;Dodge_ChallengerSRTDemonF8_2018;TIER_5;2.0;1.0;0.0;714;1979
391;Dodge_ChallengerSRTDemonReward_2018;TIER_5;2.03;1.0;0.0;714;1963
392;Dodge_ChallengerSRTDemonRewardRecycled_2018;TIER_5;2.0;0.91;0.0;714;1945
393;Dodge_ChallengerSRTHellcat_2015;TIER_3;2.12;0.99;0.45;584;590
394;Dodge_ChallengerSRTHellcat_2015;TIER_3;2.51;1.0;0.33;584;530
395;Dodge_ChallengerSRTHellcatReward_2015;TIER_3;2.03;1.0;0.71;585;600
396;Dodge_ChallengerSRTHellcatRewardRecycled_2015;TIER_3;2.03;1.0;0.9;585;579
397;Dodge_ChallengerSRTSuperStockReward_2021;TIER_5;2.0;1.0;0.0;714;1927
398;Dodge_ChallengerSRTSuperStockRewardRecycled_2021;TIER_5;2.0;1.0;0.0;714;1900
399;Dodge_ChargerDaytona_1970;TIER_5;2.0;1.0;0.0;713;2518
400;Dodge_ChargerDaytonaF6_1970;TIER_5;2.0;0.98;0.0;714;2409
401;Dodge_ChargerDaytonaScatPack_2025;TIER_5;2.0;1.0;0.0;713;2083
402;Dodge_ChargerHellcat_2020;TIER_4;2.62;1.0;0.0;673;1366
403;Dodge_ChargerHellcatDaytona50th_2020;TIER_4;3.45;1.0;0.0;673;1638
404;Dodge_ChargerHellcatRedeyeReward_2021;TIER_5;2.22;1.0;0.53;713;1906
405;Dodge_ChargerHellcatRedeyeRewardRecycled_2021;TIER_5;2.23;1.0;0.53;713;1875
406;Dodge_ChargerRedeyeSplatter_2023;TIER_5;2.0;1.0;0.0;713;2528
407;Dodge_ChargerRTCrew_1969;TIER_3;3.9;1.0;0.38;584;632
408;Dodge_ChargerRTF1_1970;TIER_5;2.01;0.68;0.06;715;2169
409;Dodge_ChargerRTF4_1970;TIER_5;2.0;1.0;0.0;715;2213
410;Dodge_ChargerRTF8_1970;TIER_5;2.2;1.0;0.0;714;2225
411;Dodge_ChargerRTF9_1966;TIER_5;2.0;1.0;0.53;713;2051
412;Dodge_ChargerSixpackReward_2025;TIER_5;2.0;1.0;0.0;713;1856
413;Dodge_ChargerSixpackRewardRecycled_2025;TIER_5;2.0;1.0;0.0;713;1828
414;Dodge_ChargerTantrumF9_1970;TIER_5;2.0;1.0;0.0;713;2435
415;Dodge_DemonChargerF9_2018;TIER_5;2.0;1.0;0.0;713;2090
416;Dodge_HavocChallenger_1970;TIER_5;2.35;0.98;0.0;714;2384
417;Dodge_HPE1200Demon_2018;TIER_5;2.0;1.0;0.0;713;2291
418;Dodge_HPE1200DemonGold_2018;TIER_5;2.01;1.0;0.0;713;2266
419;Dodge_RingbrosChargerCAPTIV_1969;TIER_5;2.0;1.0;0.53;713;2482
420;Dodge_RingbrothersChargerTUSK_1969;TIER_5;2.0;1.0;0.0;713;2446
421;Dodge_SpeedShopCharger_1968;TIER_5;2.0;1.0;0.0;713;2664
422;Dodge_SRTDemon170Reward_2023;TIER_5;2.0;1.0;0.0;713;2300
423;Dodge_SRTDemon170RewardRecycled_2023;TIER_5;2.0;1.0;0.0;713;2276
424;Dodge_ViperACR_2009;TIER_5;2.0;1.0;0.0;713;2409
425;Dodge_ViperACRCrew_2016;TIER_4;2.82;1.0;0.51;640;275
426;Dodge_ViperACRExtremeAeroPackage_2016;TIER_5;3.32;1.0;0.0;713;1785
427;Dodge_ViperACRReward_2016;TIER_4;2.84;1.0;0.0;673;61
428;Dodge_ViperACRRewardRecycled_2016;TIER_4;2.85;1.0;0.0;673;45
429;Dodge_ViperACRVoodooII_2016;TIER_5;3.5;1.0;0.0;713;1466
430;Dodge_ViperGTS_1996;TIER_5;2.0;1.0;0.0;713;2094
431;Dodge_ViperGTS_2015;TIER_4;4.65;0.93;0.0;672;764
432;Dodge_ViperGTS_2015;TIER_4;4.58;0.88;0.0;672;686
433;Dodge_ViperSnakeskinEditionGTC_2017;TIER_4;2.31;0.98;0.24;671;873
434;Dodge_ViperSR1LPClassic_1995;TIER_5;2.0;1.0;0.0;713;1693
435;Dodge_WidebodyChargerF9_1968;TIER_5;2.0;1.0;0.0;713;2527
436;Donkervoort_D8GTOReward_2015;TIER_5;2.27;1.0;0.2;714;1314
437;Donkervoort_D8GTORewardRecycled_2015;TIER_5;2.29;1.0;0.2;714;1284
438;Ferrari_12CilindriReward_2024;TIER_5;2.0;1.0;0.0;713;2212
439;Ferrari_12CilindriRewardRecycled_2024;TIER_5;2.0;1.0;0.0;713;2188
440;Ferrari_12CilindriSpiderReward_2024;TIER_5;2.0;1.0;0.0;713;2137
441;Ferrari_12CilindriSpiderRewardRecycled_2024;TIER_5;2.0;1.0;0.0;713;2106
442;Ferrari_250GTOClassic_1962;TIER_2;4.73;1.0;0.0;481;1524
443;Ferrari_288GTO_1985;TIER_5;2.0;1.0;0.0;713;2574
444;Ferrari_296GTB_2022;TIER_5;2.0;1.0;0.0;713;2223
445;Ferrari_296GTBAssettoFiorano_2022;TIER_5;2.0;1.0;0.0;713;2296
446;Ferrari_296GTSReward_2023;TIER_5;2.0;1.0;0.0;713;2249
447;Ferrari_296GTSRewardRecycled_2023;TIER_5;2.0;1.0;0.0;713;2223
448;Ferrari_296SpecialeA_2026;TIER_5;2.0;1.0;0.0;713;2395
449;Ferrari_296SpecialeReward_2026;TIER_5;2.0;1.0;0.0;713;2395
450;Ferrari_296SpecialeRewardRecycled_2026;TIER_5;2.0;1.0;0.0;713;2373
451;Ferrari_458Speciale_2014;TIER_5;3.2;0.0;0.46;716;1282
452;Ferrari_488GTB70thAnniversary_2015;TIER_5;3.13;1.0;0.08;713;1650
453;Ferrari_488GTModificata_2021;TIER_5;2.0;1.0;0.53;713;2431
454;Ferrari_488PistaReward_2019;TIER_5;2.45;1.0;0.52;713;2056
455;Ferrari_488PistaRewardRecycled_2019;TIER_5;2.42;1.0;0.52;713;2107
456;Ferrari_488PistaSpiderReward_2019;TIER_5;2.46;0.9;0.0;713;1971
457;Ferrari_488PistaSpiderRewardRecycled_2019;TIER_5;2.3;1.0;0.0;713;1988
458;Ferrari_488Spider70thAnniversary_2015;TIER_5;3.21;1.0;0.02;714;1732
459;Ferrari_488Spider_2015;TIER_5;4.05;1.0;0.04;713;1124
460;Ferrari_488Spider_2015;TIER_5;4.38;1.0;0.0;713;996
461;Ferrari_512TR_1991;TIER_5;2.0;1.0;0.0;713;2096
462;Ferrari_599GTOReward_2010;TIER_5;3.0;1.0;0.32;713;1171
463;Ferrari_599GTORewardRecycled_2010;TIER_5;2.96;1.0;0.34;713;1157
464;Ferrari_599XXEvoluzione_2011;TIER_5;2.31;1.0;0.57;713;2231
465;Ferrari_599XXReward_2010;TIER_5;2.3;1.0;0.53;713;2130
466;Ferrari_599XXRewardRecycled_2010;TIER_5;2.33;1.0;0.53;713;2107
467;Ferrari_812Competizione_2021;TIER_5;2.0;1.0;0.52;713;2406
468;Ferrari_812CompetizioneReward_2021;TIER_5;2.0;1.0;0.53;713;2406
469;Ferrari_812CompetizioneRewardRecycled_2021;TIER_5;2.0;1.0;0.52;713;2381
470;Ferrari_812GTSReward_2020;TIER_5;2.5;1.0;0.52;714;1871
471;Ferrari_812GTSRewardRecycled_2020;TIER_5;2.5;1.0;0.52;714;1836
472;Ferrari_812SuperfastReward_2018;TIER_5;2.0;1.0;0.52;714;1825
473;Ferrari_812SuperfastRewardRecycled_2018;TIER_5;2.0;1.0;0.52;714;1792
474;Ferrari_849Testarossa_2026;TIER_5;2.0;1.0;0.0;713;2616
475;Ferrari_AmalfiReward_2027;TIER_5;2.0;1.0;0.53;713;1967
476;Ferrari_AmalfiRewardRecycled_2027;TIER_5;2.0;1.0;0.53;713;1939
477;Ferrari_California30Reward_2012;TIER_3;5.0;1.0;1.0;585;751
478;Ferrari_California30RewardRecycled_2012;TIER_3;5.0;1.0;1.0;585;735
479;Ferrari_CaliforniaT70thAnniversary_2015;TIER_4;3.39;0.98;0.14;674;401
480;Ferrari_DaytonaSP3_2022;TIER_5;2.0;1.0;0.0;713;2553
481;Ferrari_Dino246GTS_1973;TIER_5;2.0;1.0;0.0;713;2331
482;Ferrari_Enzo_2002;TIER_5;2.0;1.0;0.53;713;2243
483;Ferrari_EnzoGold_2002;TIER_5;2.0;1.0;0.54;713;2187
484;Ferrari_F12berlinetta70thAnniversary_2014;TIER_5;2.37;1.0;0.0;714;1458
485;Ferrari_F12berlinetta_2014;TIER_5;2.5;0.97;0.25;714;1121
486;Ferrari_F12berlinetta_2014;TIER_5;2.96;0.98;0.27;714;1042
487;Ferrari_F12tdfReward_2016;TIER_5;2.26;1.0;0.0;715;1589
488;Ferrari_F12tdfRewardRecycled_2016;TIER_5;2.08;1.0;0.0;715;1768
489;Ferrari_F355Berlinetta_1994;TIER_5;2.0;1.0;0.0;713;2218
490;Ferrari_F40Competizione_1989;TIER_5;2.0;1.0;0.0;713;2555
491;Ferrari_F40Reward_1987;TIER_4;2.0;0.99;0.0;673;1488
492;Ferrari_F40RewardRecycled_1987;TIER_4;2.0;0.95;0.01;673;1500
493;Ferrari_F430Scuderia_2008;TIER_5;2.0;1.0;0.0;713;2516
494;Ferrari_F50Crew_1995;TIER_4;2.46;1.0;0.52;676;1426
495;Ferrari_F50CrewRecycled_1995;TIER_4;2.47;1.0;0.52;676;1393
496;Ferrari_F50GT_1996;TIER_5;2.0;1.0;0.0;713;2373
497;Ferrari_F8SpiderReward_2020;TIER_5;2.0;1.0;0.0;713;2071
498;Ferrari_F8SpiderRewardRecycled_2020;TIER_5;2.01;1.0;0.0;713;2047
499;Ferrari_F8TributoReward_2020;TIER_5;2.4;1.0;0.0;714;2026
500;Ferrari_F8TributoRewardRecycled_2020;TIER_5;2.31;0.97;0.0;714;1997
501;Ferrari_FXXEvoluzione_2008;TIER_5;2.32;1.0;0.58;713;2372
502;Ferrari_FXXKEvo_2018;TIER_5;2.14;0.98;0.12;715;2156
503;Ferrari_FXXKReward_2014;TIER_5;2.0;1.0;0.0;715;2115
504;Ferrari_FXXKRewardRecycled_2014;TIER_5;2.0;1.0;0.15;715;2083
505;Ferrari_GTC4Lusso70thAnniversary_2016;TIER_5;2.25;1.0;0.53;711;1768
506;Ferrari_GTC4LussoReward_2016;TIER_5;2.0;1.0;0.02;711;1824
507;Ferrari_GTC4LussoRewardRecycled_2016;TIER_5;2.03;1.0;0.0;711;1797
508;Ferrari_LaFerrari_2014;TIER_5;2.34;1.0;0.02;714;1926
509;Ferrari_LaFerrariAperta70thAnniversary_2017;TIER_5;2.51;0.93;0.52;712;2017
510;Ferrari_LaFerrariAperta_2017;TIER_5;2.53;1.0;0.52;712;2083
511;Ferrari_MonzaReward_2019;TIER_5;2.7;0.92;0.0;714;1921
512;Ferrari_MonzaRewardRecycled_2019;TIER_5;2.64;0.79;0.0;714;1912
513;Ferrari_MV512Testarossa_1986;TIER_5;2.0;1.0;0.0;713;2468
514;Ferrari_PortofinoReward_2018;TIER_5;3.06;1.0;0.53;714;1600
515;Ferrari_PortofinoRewardRecycled_2018;TIER_5;3.06;1.0;0.53;714;1570
516;Ferrari_PurosangueReward_2023;TIER_4;3.0;1.0;0.0;673;1823
517;Ferrari_PurosangueRewardRecycled_2023;TIER_4;3.0;1.0;0.0;673;1804
518;Ferrari_RomaReward_2020;TIER_5;2.0;1.0;0.53;713;1891
519;Ferrari_RomaRewardRecycled_2020;TIER_5;2.0;1.0;0.53;713;1857
520;Ferrari_SF90SpiderReward_2021;TIER_5;2.0;1.0;0.0;713;2426
521;Ferrari_SF90SpiderRewardRecycled_2021;TIER_5;2.0;1.0;0.0;713;2401
522;Ferrari_SF90Stradale_2020;TIER_5;2.0;1.0;0.0;713;2426
523;Ferrari_SF90StradaleAssettoFiorano_2021;TIER_5;2.0;1.0;0.0;713;2447
524;Ferrari_SF90StradaleAssettoFioranoF175_2021;TIER_5;2.0;1.0;0.0;713;2447
525;Ferrari_SF90StradaleGold_2020;TIER_5;2.0;1.0;0.0;713;2298
526;Ferrari_SF90XXSpiderReward_2024;TIER_5;2.0;1.0;0.0;713;2509
527;Ferrari_SF90XXSpiderRewardRecycled_2024;TIER_5;2.0;1.0;0.0;713;2486
528;Ferrari_SF90XXStradale_2024;TIER_5;2.0;1.0;0.0;713;2509
529;FnF_FlipCar_2013;TIER_5;2.2;1.0;0.0;714;2315
530;FnF_SupraMKIVF2_1994;TIER_5;2.0;1.0;0.0;713;2403
531;Ford_Durty30_2016;TIER_5;2.6;0.98;0.0;714;1775
532;Ford_Durty30Gold_2016;TIER_5;2.43;1.0;0.0;713;1818
533;Ford_DutchboysTorino_1969;TIER_5;2.0;1.0;0.0;713;2521
534;Ford_EscortMk1RS2000LPClassic_1973;TIER_5;2.0;1.0;0.0;713;1728
535;Ford_EscortMKIF6_1970;TIER_4;2.4;1.0;0.54;669;1854
536;Ford_EscortRSCosworthCossieV2_1994;TIER_5;2.0;1.0;0.0;713;2443
537;Ford_F150Hoonitruck_1977;TIER_5;2.0;1.0;0.0;713;2560
538;Ford_F150SVTRaptor_2014;TIER_2;5.0;0.87;0.08;481;773
539;Ford_F150SVTRaptor_2014;TIER_2;4.11;1.0;0.34;481;607
540;Ford_F150SVTRaptorElite_2014;TIER_1;4.79;0.8;0.42;355;473
541;Ford_FiestaST_2016;TIER_1;3.05;0.79;0.2;349;627
542;Ford_FiestaST_2016;TIER_1;3.05;0.8;0.2;349;591
543;Ford_FocusRS_2017;TIER_2;3.13;0.99;0.56;483;733
544;Ford_FocusRS_2017;TIER_2;3.14;1.0;0.56;483;669
545;Ford_FocusRSElite_2017;TIER_2;4.41;0.95;0.35;483;809
546;Ford_FocusSTCrew_2014;TIER_1;2.87;0.73;0.52;354;945
547;Ford_FocusSTCrewRecycled_2014;TIER_1;2.84;0.68;0.52;354;821
548;Ford_GT40MkII1_1966;TIER_4;2.0;1.0;0.0;675;1825
549;Ford_GT40MkII_1966;TIER_4;2.0;1.0;0.52;675;1442
550;Ford_GT_2005;TIER_4;2.74;1.0;0.52;675;1600
551;Ford_GTDaytonaHeritageEdition_2021;TIER_5;2.91;1.0;0.0;714;1089
552;Ford_GTElite_2017;TIER_5;2.01;1.0;0.43;713;1354
553;Ford_GTHeritageEdition_2005;TIER_4;2.71;1.0;0.52;675;1640
554;Ford_GTHeritageEdition_2017;TIER_5;2.92;1.0;0.0;714;1089
555;Ford_GTLeMansRacecar_2016;TIER_5;2.0;1.0;0.35;713;2394
556;Ford_GTMk4_2024;TIER_5;2.0;1.0;0.0;713;2570
557;Ford_GTReward_2017;TIER_5;2.59;1.0;0.25;713;1473
558;Ford_GTRewardRecycled66_2017;TIER_5;2.57;1.0;0.12;713;1298
559;Ford_GTRewardRecycled_2017;TIER_5;2.59;1.0;0.25;713;1448
560;Ford_Mustang302_1970;TIER_1;4.38;0.69;0.0;349;513
561;Ford_Mustang302_1970;TIER_1;5.0;1.0;0.0;349;357
562;Ford_MustangCobraJet_2019;TIER_5;2.0;1.0;0.0;713;2399
563;Ford_MustangCobraJetVIP_2019;TIER_5;2.0;1.0;0.0;713;2404
564;Ford_MustangDarkHorse_2024;TIER_4;2.0;1.0;0.0;673;2086
565;Ford_MustangDarkHorseSCReward_2025;TIER_5;2.0;1.0;0.0;713;2370
566;Ford_MustangDarkHorseSCRewardRecycled_2025;TIER_5;2.0;1.0;0.0;713;2346
567;Ford_MustangF3_1967;TIER_5;2.0;1.0;0.0;713;2052
568;Ford_MustangFoxbodyF9_1987;TIER_5;2.33;1.0;0.0;713;2026
569;Ford_MustangGT350F9_2016;TIER_5;2.0;1.0;0.52;713;2101
570;Ford_MustangGT_2024;TIER_3;4.71;1.0;0.53;581;1092
571;Ford_MustangGTD_2025;TIER_5;2.0;1.0;0.0;713;2494
572;Ford_MustangGTFastbackTNR_2018;TIER_5;2.23;1.0;0.56;713;2422
573;Ford_MustangGTHoonicornV1_1965;TIER_5;2.0;0.0;0.52;713;2481
574;Ford_MustangGTHoonicornV2_1965;TIER_5;2.0;1.0;0.53;713;2495
575;Ford_MustangGTHPE750Silver_2015;TIER_4;3.73;0.87;0.2;673;1498
576;Ford_MustangGTPremium_2015;TIER_3;2.68;1.0;;581;627
577;Ford_MustangGTPremium_2015;TIER_3;2.23;1.0;0.56;581;631
578;Ford_MustangGTPremiumBoss_2015;TIER_4;3.73;0.85;0.56;546;584
579;Ford_MustangGTPremiumElite_2015;TIER_3;4.05;1.0;0.36;581;660
580;Ford_MustangMach1_2021;TIER_3;3.73;;;585;711
581;Ford_MustangMachE1400_2021;TIER_5;2.0;1.0;0.0;713;2536
582;Ford_MustangMachEGTReward_2021;TIER_4;3.79;1.0;0.0;673;1627
583;Ford_MustangMachEGTRewardRecycled_2021;TIER_4;4.11;1.0;0.0;673;1568
584;Ford_MustangNASCAR_2022;TIER_5;2.0;1.0;0.0;713;2463
585;Ford_MustangRTRSpec3_2019;TIER_5;2.73;0.99;0.0;714;1587
586;Ford_MustangRTRSPEC5_2019;TIER_5;2.0;1.0;0.0;715;2122
587;Ford_MustangShelbyGT350LPClassic_1965;TIER_5;2.0;1.0;0.0;713;1902
588;Ford_MustangShelbyGT500Reward_2019;TIER_5;2.35;1.0;0.0;714;2143
589;Ford_MustangShelbyGT500RewardRecycled_2019;TIER_5;2.31;1.0;0.0;714;2057
590;Ford_MustangSVTCobraRLPClassic_1993;TIER_5;2.0;1.0;0.0;713;1882
591;Ford_RadRidesTroyRoadster_1936;TIER_5;2.0;1.0;0.0;713;2396
592;Ford_RingbrothersMustang_1969;TIER_5;2.0;1.0;0.0;713;2550
593;Ford_RingbrothersMustangMach1_1969;TIER_5;2.0;1.0;0.0;713;2550
594;Ford_RoushStage3Mustang_1996;TIER_4;2.36;1.0;0.0;673;1689
595;Ford_ROUSHStage3Mustang_2019;TIER_5;2.76;0.94;0.0;714;1595
596;Ford_RuffianGalaxie500_1964;TIER_5;2.0;1.0;0.0;713;2457
597;Ford_RuffianGT40_1966;TIER_5;2.0;1.0;0.0;713;2563
598;Ford_RuffianMustang_1970;TIER_5;2.0;1.0;0.0;713;2274
599;Ford_RuffianMustangFIAFastback_1967;TIER_5;2.0;1.0;0.0;713;2372
600;Ford_ShelbyGT350R_2016;TIER_4;3.73;0.87;0.03;673;777
601;Ford_ShelbyGT350RElite_2016;TIER_4;3.73;0.87;0.03;673;378
602;Ford_SpeedShopF100_1956;TIER_5;2.0;1.0;0.0;713;2342
603;Ford_Supervan4_2022;TIER_5;2.0;1.0;0.03;713;2545
604;Ford_WeaverCustomsModelAElite_1931;TIER_5;2.0;1.0;0.0;713;2325
605;Ford_WeaverCustomsModelALB_1931;TIER_5;2.0;1.0;0.0;713;2321
606;Ford_WeaverCustomsModelAMS_1931;TIER_5;2.0;1.0;0.0;713;2288
607;Ford_WeaverCustomsMustangFastback_1968;TIER_5;2.0;1.0;0.0;713;2432
608;FSD_ConceptCar_2027;TIER_5;2.0;1.0;0.0;713;2547
609;Ginetta_Akula_2019;TIER_5;2.07;1.0;0.0;713;2284
610;Ginetta_AkulaGold_2019;TIER_5;2.05;0.96;0.52;713;2236
611;GTA_SpanoCrew_2015;TIER_5;3.02;1.0;0.0;716;942
612;GTA_SpanoCrewRecycled_2015;TIER_5;2.79;0.99;0.0;716;1163
613;Hennessey_CamaroExorcistReward_2017;TIER_5;2.0;1.0;0.22;714;1984
614;Hennessey_CamaroExorcistRewardRecycled_2017;TIER_5;2.88;0.99;0.06;714;1867
615;Hennessey_CamaroTheResurrection_2017;TIER_5;2.48;1.0;0.0;713;2158
616;Hennessey_VenomF5_2020;TIER_5;2.53;1.0;0.0;715;2367
617;Hennessey_VenomF5_2021;TIER_5;2.0;1.0;0.0;713;2430
618;Hennessey_VenomF5Gold_2020;TIER_5;2.17;1.0;0.0;715;2336
619;Hennessey_VenomF5Revolution_2023;TIER_5;2.0;1.0;0.0;713;2348
620;Hennessey_VenomF5RoadsterReward_2023;TIER_5;2.0;1.0;0.0;713;2430
621;Hennessey_VenomF5RoadsterRewardRecycled_2023;TIER_5;2.0;1.0;0.0;713;2404
622;Hennessey_VenomGT_2012;TIER_5;2.1;1.0;0.27;714;2143
623;Hennessey_VenomGTSpyderReward_2016;TIER_5;2.37;1.0;0.01;715;2165
624;Hennessey_VenomGTSpyderRewardGold_2016;TIER_5;2.27;1.0;0.1;715;2128
625;Hennessey_VenomGTSpyderRewardRecycled_2016;TIER_5;2.39;1.0;0.0;715;2147
626;Honda_AIMGAINGTNSXEvo_2017;TIER_4;2.84;1.0;0.0;674;1689
627;Honda_AIMGAINGTNSXReward_2017;TIER_4;3.39;0.92;0.0;674;1578
628;Honda_AIMGAINGTNSXRewardRecycled_2017;TIER_4;3.34;0.88;0.0;674;1553
629;Honda_Civic15VTECCrew_1994;TIER_1;3.77;0.9;0.55;354;660
630;Honda_Civic15VTECCrewRecycled_1994;TIER_1;4.8;0.72;0.55;354;711
631;Honda_CivicEGTNR_1995;TIER_5;2.0;1.0;0.0;713;1801
632;Honda_CivicEJ1F1_1993;TIER_5;2.0;1.0;0.0;713;2522
633;Honda_CivicTypeR_2017;TIER_2;2.93;0.93;0.51;483;1051
634;Honda_CivicTypeRElite_2017;TIER_2;4.23;0.91;0.45;483;777
635;Honda_CivicTypeRReward_2023;TIER_3;2.0;1.0;0.52;581;1173
636;Honda_CivicTypeRRewardRecycled_2023;TIER_3;2.0;1.0;0.51;581;1154
637;Honda_CivicTypeRTNR_2017;TIER_5;2.0;1.0;0.0;713;1964
638;Honda_CivicTypeRVaris_2017;TIER_3;3.15;1.0;0.07;581;1120
639;Honda_IndyTruck_2017;TIER_5;2.0;1.0;0.0;713;2525
640;Honda_LBNSXReward_2017;TIER_4;3.02;1.0;0.0;675;1467
641;Honda_LBNSXRewardRecycled_2017;TIER_4;2.92;1.0;0.0;675;1444
642;Honda_NSXLBWorksReward_1992;TIER_4;2.69;1.0;0.0;673;1852
643;Honda_NSXLBWorksRewardRecycled_1992;TIER_4;2.69;1.0;0.0;673;1826
644;Honda_NSXRClassic_1992;TIER_4;2.54;1.0;0.0;673;1811
645;Honda_NSXReward_2017;TIER_4;3.06;1.0;0.0;674;1309
646;Honda_NSXRewardRecycled_2017;TIER_4;3.08;1.0;0.0;674;1298
647;Honda_NSXRocketBunny_1992;TIER_4;2.74;1.0;0.0;673;1853
648;Honda_NSXTNR_1992;TIER_5;2.21;1.0;0.0;713;1885
649;Honda_S2000F1_2001;TIER_5;2.53;1.0;0.0;713;2027
650;Honda_S2000F2_2001;TIER_5;2.14;0.75;0.52;712;1976
651;Honda_S2000TNR_2001;TIER_5;2.4;1.0;0.53;713;1201
652;Honda_VarisS2000Reward_2005;TIER_5;2.0;1.0;0.0;713;2069
653;Honda_VarisS2000RewardRecycled_2005;TIER_5;2.0;1.0;0.0;713;2040
654;Honda_VeilsideNSXReward_1995;TIER_4;2.82;1.0;0.0;673;1761
655;Honda_VeilsideNSXRewardRecycled_1995;TIER_4;2.81;1.0;0.0;673;1742
656;Hyperion_XP1_2023;TIER_5;2.0;1.0;0.0;713;2521
657;Hyundai_ElantraNReward_2022;TIER_3;2.0;1.0;0.0;581;976
658;Hyundai_ElantraNRewardRecycled_2022;TIER_3;2.0;1.0;0.0;581;954
659;Hyundai_IONIQ5NNPX1Reward_2024;TIER_4;2.0;1.0;0.0;673;1930
660;Hyundai_IONIQ5NNPX1RewardRecycled_2024;TIER_4;2.0;1.0;0.0;673;1904
661;Hyundai_Ioniq5NReward_2023;TIER_4;2.32;1.0;0.0;673;2006
662;Hyundai_Ioniq5NRewardRecycled_2023;TIER_4;2.31;1.0;0.0;673;1983
663;Hyundai_IONIQ6NReward_2025;TIER_4;2.0;1.0;0.0;673;2015
664;Hyundai_IONIQ6NRewardRecycled_2025;TIER_4;2.0;1.0;0.0;673;1986
665;Hyundai_NVision74Concept_2023;TIER_5;2.0;1.0;0.0;713;2491
666;Hyundai_VelosterTurboRSpec_2014;TIER_1;4.13;0.83;0.26;352;600
667;Hyundai_VelosterTurboRSpec_2014;TIER_1;3.41;0.86;0.41;352;587
668;Hyundai_VelosterTurboRSpecARK_2014;TIER_2;3.12;0.92;0.4;484;850
669;Hyundai_VelosterTurboRSpecCrew_2014;TIER_1;5.0;0.93;0.56;355;823
670;Indy_Car_2021;TIER_5;2.68;0.99;0.53;714;2457
671;Infiniti_Q60ProjectBlackSReward_2018;TIER_4;2.33;0.94;0.13;673;1662
672;Infiniti_Q60ProjectBlackSRewardRecycled_2018;TIER_4;2.37;0.87;0.07;673;1656
673;Italdesign_ZerounoDuerta_2018;TIER_5;2.0;1.0;0.0;714;2139
674;Italdesign_ZerounoReward_2017;TIER_5;2.0;1.0;0.0;714;2139
675;Italdesign_ZerounoRewardRecycled_2017;TIER_5;2.0;1.0;0.0;714;2108
676;Jaguar_CX75PrototypeCrew_2013;TIER_5;2.86;1.0;0.02;714;1237
677;Jaguar_CX75PrototypeReward_2013;TIER_5;2.96;1.0;0.0;714;1923
678;Jaguar_CX75PrototypeRewardRecycled_2013;TIER_5;2.99;1.0;0.0;714;1896
679;Jaguar_FTYPERConvertibleReward_2021;TIER_5;2.07;1.0;0.0;714;1813
680;Jaguar_FTYPERConvertibleRewardRecycled_2021;TIER_5;2.07;1.0;0.0;714;1786
681;Jaguar_FTypeRCoupe_2016;TIER_4;3.4;0.9;0.11;673;670
682;Jaguar_FTypeRCoupe_2016;TIER_4;3.47;0.92;0.25;673;612
683;Jaguar_FTypeRCoupeF8_2016;TIER_4;2.35;0.87;0.53;674;1536
684;Jaguar_FTypeSVRCoupeReward_2019;TIER_5;2.67;1.0;0.01;714;1598
685;Jaguar_FTypeSVRCoupeRewardRecycled_2019;TIER_5;2.7;1.0;0.0;714;1561
686;Jaguar_Project7Boss_2016;TIER_5;5.0;1.0;0.56;642;1248
687;Jaguar_Project7VIP_2016;TIER_5;2.67;1.0;0.0;714;1600
688;Jaguar_XESVProject8F9_2018;TIER_4;3.62;1.0;0.0;675;1573
689;Jaguar_XESVProject8Reward_2018;TIER_4;3.63;1.0;0.0;675;1571
690;Jaguar_XESVProject8RewardRecycled_2018;TIER_4;3.66;1.0;0.0;675;1549
691;Jaguar_XJ220Classic_1993;TIER_5;2.0;1.0;0.0;713;2211
692;Jaguar_XJR15_1991;TIER_5;2.0;1.0;0.0;713;2598
693;Jaguar_XKRSGT_2014;TIER_5;2.0;1.0;0.0;713;2317
694;Jeep_GladiatorF9_2019;TIER_4;3.45;1.0;0.0;673;1725
695;Jeep_GladiatorReward_2019;TIER_4;3.44;0.94;0.0;673;1727
696;Jeep_GladiatorRewardRecycled_2019;TIER_4;3.49;0.94;0.0;673;1701
697;Jeep_GrandCherokeeTrackhawk_2018;TIER_4;4.0;0.88;0.09;673;1052
698;Jeep_GrandCherokeeTrackhawkF9_2018;TIER_4;3.7;1.0;0.0;673;1095
699;Kia_StingerGTS_2020;TIER_3;3.95;0.89;0.06;581;710
700;Kimera_EVO37_2022;TIER_5;2.0;1.0;0.0;713;2318
701;Kimera_EVO37Gold_2022;TIER_5;2.0;1.0;0.0;713;2318
702;Kimera_EVO37Martini_2024;TIER_5;2.0;1.0;0.0;713;2344
703;Kimera_EVO38_2024;TIER_5;2.0;1.0;0.0;713;2420
704;Koenigsegg_AgeraR_2013;TIER_5;3.64;1.0;0.27;710;786
705;Koenigsegg_AgeraRSReward_2017;TIER_5;2.6;0.96;0.0;715;2135
706;Koenigsegg_AgeraRSRewardRecycled_2017;TIER_5;2.6;0.91;0.0;715;2112
707;Koenigsegg_CC850_2023;TIER_5;2.0;1.0;0.53;713;2465
708;Koenigsegg_Gemera_2021;TIER_5;2.0;0.0;0.0;714;2444
709;Koenigsegg_Gemera_2025;TIER_5;2.0;1.0;0.0;713;2512
710;Koenigsegg_GemeraLE_2021;TIER_5;2.0;0.0;0.0;714;2468
711;Koenigsegg_Jesko_2020;TIER_5;2.14;1.0;0.0;715;2398
712;Koenigsegg_JeskoAbsolut_2021;TIER_5;2.0;1.0;0.0;715;2458
713;Koenigsegg_JeskoGold_2020;TIER_5;3.08;1.0;0.0;715;2394
714;Koenigsegg_JeskoRoofless_2020;TIER_5;2.14;1.0;0.0;715;2398
715;Koenigsegg_One1_2014;TIER_5;3.13;1.0;0.01;714;2141
716;Koenigsegg_RegeraHalloween_2016;TIER_5;2.17;1.0;0.56;715;2171
717;Koenigsegg_RegeraReward_2016;TIER_5;2.17;1.0;0.68;715;2169
718;Koenigsegg_RegeraRewardGold_2016;TIER_5;2.0;0.0;0.0;715;2153
719;Koenigsegg_RegeraRewardRecycled_2016;TIER_5;2.34;1.0;0.56;715;2140
720;KTM_XBowGTX_2020;TIER_5;2.14;1.0;0.54;713;2207
721;KTM_XBowRReward_2011;TIER_5;2.39;0.77;0.0;714;1707
722;KTM_XBowRRewardRecycled_2011;TIER_5;2.39;0.82;0.0;714;1667
723;Lamborghini_Autentica_2023;TIER_5;2.0;1.0;0.0;713;2441
724;Lamborghini_AventadorLP7004_2011;TIER_5;2.7;1.0;0.21;713;1219
725;Lamborghini_AventadorLP7504Superveloce_2015;TIER_5;2.91;1.0;0.0;714;1406
726;Lamborghini_AventadorSJReward_2021;TIER_5;2.0;0.0;0.54;713;2193
727;Lamborghini_AventadorSJRewardRecycled_2021;TIER_5;2.0;1.0;0.53;713;2155
728;Lamborghini_AventadorSVJReward_2019;TIER_5;2.19;1.0;0.0;715;2044
729;Lamborghini_AventadorSVJRewardRecycled_2019;TIER_5;2.19;1.0;0.0;715;2021
730;Lamborghini_AventadorSVJRoadster_2020;TIER_5;2.01;1.0;0.0;715;1994
731;Lamborghini_AventadorSVJRoadsterReward_2020;TIER_5;2.0;1.0;0.0;715;2086
732;Lamborghini_AventadorSVJRoadsterRewardRecycled_2020;TIER_5;2.0;1.0;0.0;715;2054
733;Lamborghini_AventadorTNR_2021;TIER_5;2.0;1.0;0.0;713;1305
734;Lamborghini_Centenario_2017;TIER_5;2.0;1.0;0.0;714;2071
735;Lamborghini_CentenarioRoadsterAdPersonam_2017;TIER_5;2.37;1.0;0.0;714;2059
736;Lamborghini_CentenarioRoadsterAndroid_2017;TIER_5;2.22;1.0;0.0;714;2079
737;Lamborghini_CentenarioRoadsteriOS_2017;TIER_5;2.22;1.0;0.0;714;2079
738;Lamborghini_CountachClassic_1988;TIER_4;2.47;0.0;0.0;675;1578
739;Lamborghini_CountachLPI8004_2022;TIER_5;2.0;0.0;0.0;715;2348
740;Lamborghini_CountachLPI8004Reward_2022;TIER_5;2.0;0.0;0.0;715;2348
741;Lamborghini_CountachLPI8004RewardRecycled_2022;TIER_5;2.0;0.0;0.0;715;2319
742;Lamborghini_DiabloGT_2000;TIER_5;2.0;1.0;0.0;713;2489
743;Lamborghini_DiabloSV_1997;TIER_5;2.0;1.0;0.0;713;2237
744;Lamborghini_EssenzaSCV12_2021;TIER_5;2.0;0.64;0.0;713;2488
745;Lamborghini_EssenzaSCV12Monterey_2021;TIER_5;2.0;1.0;0.0;713;2485
746;Lamborghini_EssenzaSCV12Nero_2021;TIER_5;2.0;0.74;0.0;713;2488
747;Lamborghini_Fenomeno_2026;TIER_5;2.0;1.0;0.0;713;2490
748;Lamborghini_FewOff_2020;TIER_5;2.0;0.0;0.0;715;2271
749;Lamborghini_FewOffAdPersonam_2020;TIER_5;2.0;0.01;0.0;715;2271
750;Lamborghini_HuracanEvoReward_2019;TIER_5;2.1;1.0;0.0;714;1899
751;Lamborghini_HuracanEvoRewardRecycled_2019;TIER_5;2.1;1.0;0.0;714;1829
752;Lamborghini_HuracanEvoSpyderReward_2019;TIER_5;2.23;1.0;0.0;714;1814
753;Lamborghini_HuracanEvoSpyderRewardRecycled_2019;TIER_5;2.3;1.0;0.0;714;1792
754;Lamborghini_HuracanEVOTNR_2021;TIER_5;2.57;1.0;0.0;713;1933
755;Lamborghini_HuracanGT3Evo2_2024;TIER_5;2.0;1.0;0.0;713;2500
756;Lamborghini_HuracanGT3EVORacecar_2019;TIER_5;2.0;1.0;0.0;713;2408
757;Lamborghini_HuracanLP6104_2014;TIER_5;3.57;0.97;0.34;713;1799
758;Lamborghini_HuracanLP6104_2014;TIER_5;3.85;1.0;0.28;713;1533
759;Lamborghini_HuracanLP6104Reward_2014;TIER_5;3.44;1.0;0.01;714;1733
760;Lamborghini_HuracanLP6104RewardRecycled_2014;TIER_5;3.46;1.0;0.01;714;1722
761;Lamborghini_HuracanPerformanteReward_2018;TIER_5;2.7;1.0;0.14;714;1866
762;Lamborghini_HuracanPerformanteRewardRecycled_2018;TIER_5;2.7;1.0;0.14;714;1853
763;Lamborghini_HuracanPerformanteSpyder_2019;TIER_5;2.39;1.0;0.0;714;1830
764;Lamborghini_HuracanSterratoHoliday_2021;TIER_5;2.0;1.0;0.0;714;2104
765;Lamborghini_HuracanSterratoReward_2021;TIER_5;2.0;1.0;0.0;714;2104
766;Lamborghini_HuracanSterratoRewardRecycled_2021;TIER_5;2.0;1.0;0.0;714;2084
767;Lamborghini_HuracanSTO_2021;TIER_5;2.0;1.0;0.0;713;2098
768;Lamborghini_HuracanSTOEVO_2021;TIER_5;2.0;1.0;0.0;713;2150
769;Lamborghini_HuracanTecnicaReward_2023;TIER_5;2.25;0.0;0.53;713;2079
770;Lamborghini_HuracanTecnicaRewardRecycled_2023;TIER_5;2.25;0.0;0.53;713;2055
771;Lamborghini_Invencible_2023;TIER_5;2.0;1.0;0.0;713;2441
772;Lamborghini_IVReward_2024;TIER_5;2.0;1.0;0.0;713;2245
773;Lamborghini_IVRewardRecycled_2024;TIER_5;2.0;1.0;0.0;713;2222
774;Lamborghini_LB634_2024;TIER_5;2.0;1.0;0.0;713;2214
775;Lamborghini_LBAventadorLP7004Reward_2011;TIER_5;2.0;1.0;0.53;713;1966
776;Lamborghini_LBAventadorLP7004RewardGold_2011;TIER_5;2.0;1.0;0.0;713;1930
777;Lamborghini_LBAventadorLP7004RewardRecycled_2011;TIER_5;2.0;1.0;0.53;713;1947
778;Lamborghini_LBAventadorLP7004RewardVIP_2011;TIER_5;2.0;0.83;0.53;713;1975
779;Lamborghini_LBCountachLPReward_1988;TIER_4;2.0;1.0;0.0;673;1799
780;Lamborghini_LBCountachLPRewardRecycled_1988;TIER_4;2.0;1.0;0.0;673;1774
781;Lamborghini_LBMurcielagoSVReward_2009;TIER_5;2.0;1.0;0.0;713;1921
782;Lamborghini_LBMurcielagoSVRewardRecycled_2009;TIER_5;2.0;1.0;0.0;713;1898
783;Lamborghini_LBSilhouetteHuracanReward_2014;TIER_5;2.61;1.0;0.0;714;1856
784;Lamborghini_LBSilhouetteHuracanRewardRecycled_2014;TIER_5;2.6;0.91;0.0;714;1845
785;Lamborghini_LBWKMurcielagoReward_2009;TIER_5;2.0;1.0;0.0;713;2169
786;Lamborghini_LBWKMurcielagoRewardRecycled_2009;TIER_5;2.0;1.0;0.0;713;2141
787;Lamborghini_MiuraSVLPClassic_1971;TIER_5;2.0;1.0;0.0;713;2232
788;Lamborghini_MurcielagoLP640F8_2006;TIER_5;2.32;1.0;0.03;715;1869
789;Lamborghini_MurcielagoSVReward_2009;TIER_5;2.0;1.0;0.52;713;1537
790;Lamborghini_MurcielagoSVRewardRecycled_2009;TIER_5;2.0;1.0;0.52;713;1504
791;Lamborghini_Reventon_2008;TIER_5;2.0;1.0;0.0;713;2620
792;Lamborghini_RevueltoReward_2024;TIER_5;2.0;1.0;0.0;713;2416
793;Lamborghini_RevueltoRewardRecycled_2024;TIER_5;2.0;1.0;0.0;713;2392
794;Lamborghini_RevueltoSS1_2024;TIER_5;2.0;1.0;0.0;713;2416
795;Lamborghini_RevueltoSS2_2024;TIER_5;2.0;1.0;0.0;713;2416
796;Lamborghini_RevueltoSV_2027;TIER_5;2.0;1.0;0.0;713;2481
797;Lamborghini_SC18Alston_2019;TIER_5;2.13;0.0;0.0;713;2184
798;Lamborghini_SC20_2020;TIER_5;2.0;0.0;0.0;715;2365
799;Lamborghini_SC63LMDH_2024;TIER_5;2.0;1.0;0.0;713;2600
800;Lamborghini_SestoElementoCrew_2012;TIER_5;2.0;1.0;0.54;716;2023
801;Lamborghini_SestoElementoCrewRecycled_2012;TIER_5;2.0;1.0;0.54;716;1972
802;Lamborghini_SianRoadster_2021;TIER_5;2.0;0.0;0.0;715;2275
803;Lamborghini_TemerarioReward_2025;TIER_5;2.0;1.0;0.0;713;2404
804;Lamborghini_TemerarioRewardRecycled_2025;TIER_5;2.0;1.0;0.0;713;2380
805;Lamborghini_TerzoMillennio_2017;TIER_5;2.0;1.0;0.0;713;2550
806;Lamborghini_UrusPerformanteReward_2023;TIER_4;3.12;1.0;0.0;673;1878
807;Lamborghini_UrusPerformanteRewardRecycled_2023;TIER_4;3.33;1.0;0.0;673;1830
808;Lamborghini_UrusPHEVReward_2024;TIER_4;3.75;1.0;0.0;673;1757
809;Lamborghini_UrusPHEVRewardRecycled_2024;TIER_4;3.54;;;673;1350
810;Lamborghini_UrusReward_2018;TIER_4;4.42;0.89;0.16;673;1058
811;Lamborghini_UrusRewardRecycled_2018;TIER_4;4.42;0.93;0.16;673;1027
812;Lamborghini_Veneno_2013;TIER_5;2.32;0.86;0.0;714;2223
813;Lamborghini_VenenoGold_2013;TIER_5;2.01;0.76;0.0;714;2168
814;Lamborghini_VenenoRoadster_2014;TIER_5;2.14;0.77;0.0;714;2198
815;Lamborghini_VenenoRoadsterGold_2014;TIER_5;2.14;1.0;0.0;714;2152
816;Lancia_DeltaHFIntegraleEvo2_1994;TIER_5;2.0;1.0;0.0;713;2016
817;Landrover_RangeRoverEvoqueCoupeCrew_2016;TIER_2;2.27;0.91;0.0;485;901
818;Landrover_RangeRoverEvoqueCoupeCrewRecycled_2016;TIER_2;2.27;0.9;0.0;485;815
819;Lexus_LC500ConvertibleReward_2017;TIER_4;2.0;1.0;0.0;673;1876
820;Lexus_LC500ConvertibleRewardRecycled_2017;TIER_4;2.14;1.0;0.0;673;1858
821;Lexus_LC500TNR_2018;TIER_4;3.62;1.0;0.0;673;1190
822;Lexus_LFA_2011;TIER_5;2.22;1.0;0.0;713;2193
823;Lexus_LFAGold_2011;TIER_5;2.37;1.0;0.0;713;2156
824;Lexus_LFANurburgringPackage_2011;TIER_5;2.25;1.0;0.0;713;2195
825;LocalMotor_RallyFighter_2013;TIER_3;2.63;0.81;0.29;576;722
826;LocalMotor_RallyFighterF8_2013;TIER_3;3.02;1.0;0.0;585;753
827;Lotus_Evija_2020;TIER_5;2.0;1.0;0.0;713;2344
828;Lotus_EvijaReward_2020;TIER_5;2.0;1.0;0.0;713;2478
829;Lotus_EvijaRewardRecycled_2020;TIER_5;2.0;1.0;0.0;713;2454
830;Lotus_EvoraGT430Reward_2018;TIER_4;2.65;0.78;0.0;673;1607
831;Lotus_EvoraGT430RewardRecycled_2018;TIER_4;2.67;0.78;0.0;673;1570
832;Lotus_Exige360CupCrew_2016;TIER_2;5.0;0.92;0.0;485;1114
833;Lotus_Exige360CupCrewRecycled_2016;TIER_2;4.7;0.87;0.0;485;795
834;Lotus_ExigeLF1_2014;TIER_2;5.0;0.87;0.0;484;1136
835;Lotus_ExigeS_2014;TIER_2;3.41;0.89;0.53;483;631
836;Lotus_ExigeS_2014;TIER_2;3.8;1.0;0.53;483;571
837;Lotus_Type131Reward_2022;TIER_4;2.0;1.0;0.54;673;1618
838;Lotus_Type131RewardRecycled_2022;TIER_4;2.0;0.99;0.53;673;1589
839;Lotus_VorsteinerEmiraReward_2022;TIER_4;2.0;1.0;0.0;673;1290
840;Lotus_VorsteinerEmiraRewardRecycled_2022;TIER_4;3.77;0.5;0.5;501;
841;Maserati_7DesignMC20VIP_2021;TIER_5;5.0;1.0;0.0;713;2283
842;Maserati_GhibliSQ4_2014;TIER_4;2.0;0.89;0.47;672;781
843;Maserati_GranTurismoMCReward_2018;TIER_4;3.38;0.93;0.04;672;941
844;Maserati_GranTurismoMCRewardRecycled_2018;TIER_4;3.38;0.93;0.04;672;900
845;Maserati_LBGranTurismoS_2018;TIER_4;3.3;0.91;0.0;674;905
846;Maserati_MC12_2004;TIER_5;2.51;0.92;0.0;714;2018
847;Maserati_MC12BC_2004;TIER_5;2.0;1.0;0.0;714;1995
848;Maserati_MC12CarbonBlue_2004;TIER_5;2.38;0.86;0.0;714;2018
849;Maserati_MC20CieloReward_2023;TIER_5;5.0;1.0;0.0;713;2262
850;Maserati_MC20CieloRewardRecycled_2023;TIER_5;5.0;1.0;0.0;713;2235
851;Maserati_MC20Coupe_2021;TIER_5;5.0;1.0;0.0;713;2262
852;Mazda_Furai_2008;TIER_5;2.0;1.0;0.57;713;2480
853;Mazda_KRCJapanRX8Reward_2004;TIER_4;2.59;1.0;0.53;673;1799
854;Mazda_KRCJapanRX8RewardRecycled_2004;TIER_4;2.58;1.0;0.53;673;1774
855;Mazda_LBSuperSilhouetteRX7_1993;TIER_5;2.0;0.95;0.51;713;2002
856;Mazda_LBSuperSilhouetteRX7SE_1993;TIER_5;2.0;0.97;0.36;713;2008
857;Mazda_MX5_2016;TIER_1;2.0;0.8;0.08;350;724
858;Mazda_PandeMMX5_2016;TIER_2;2.87;;;484;956
859;Mazda_RBRX8_2004;TIER_4;2.5;1.0;0.53;673;1792
860;Mazda_RX7F1_1993;TIER_4;2.39;1.0;0.53;669;1658
861;Mazda_RX7F2_1993;TIER_5;2.0;1.0;0.48;713;1935
862;Mazda_RX7F3_1993;TIER_5;2.0;0.94;0.38;713;2009
863;Mazda_RX7Reward_1993;TIER_4;2.42;0.88;0.47;669;1505
864;Mazda_RX7RewardEaster_1993;TIER_4;3.64;1.0;0.12;669;1556
865;Mazda_RX7RewardRecycled_1993;TIER_4;2.0;0.91;0.0;669;1795
866;Mazda_RX7TNR_1993;TIER_5;2.76;1.0;0.0;713;1200
867;Mazda_RX8F3_2004;TIER_4;2.59;1.0;0.55;673;1795
868;Mazda_RX8TNR_2008;TIER_5;2.0;1.0;0.0;713;1728
869;Mazzanti_EvantraMillecavalli_2019;TIER_5;2.0;1.0;0.52;714;2339
870;Mazzanti_EvantraMillecavalliGold_2019;TIER_5;2.0;1.0;0.0;713;2348
871;McLaren_570S_2016;TIER_5;3.09;1.0;0.0;713;1250
872;McLaren_570S_2016;TIER_5;3.31;1.0;0.11;713;1204
873;McLaren_600LTReward_2019;TIER_5;2.88;1.0;0.0;714;2031
874;McLaren_600LTRewardRecycled_2019;TIER_5;2.91;0.99;0.0;714;1998
875;McLaren_600LTSpiderReward_2020;TIER_5;2.34;1.0;0.0;713;2106
876;McLaren_600LTSpiderRewardRecycled_2020;TIER_5;2.34;1.0;0.0;713;2077
877;McLaren_650S_2015;TIER_5;3.63;0.91;0.0;713;1158
878;McLaren_650S_2015;TIER_5;3.77;0.94;0.0;713;1063
879;McLaren_675LTSpiderReward_2016;TIER_5;3.39;1.0;0.0;714;1304
880;McLaren_675LTSpiderRewardRecycled_2016;TIER_5;3.39;1.0;0.0;714;1266
881;McLaren_720SGT3_2019;TIER_5;2.0;1.0;0.0;713;2420
882;McLaren_720SGT3X_2021;TIER_5;2.18;1.0;0.0;713;2467
883;McLaren_720SSpiderReward_2019;TIER_5;2.54;0.95;0.0;714;2023
884;McLaren_720SSpiderRewardRecycled_2019;TIER_5;2.53;0.92;0.0;714;1989
885;McLaren_720STNR_2017;TIER_5;2.0;1.0;0.0;713;1946
886;McLaren_750SReward_2023;TIER_5;2.0;1.0;0.0;714;1902
887;McLaren_750SRewardRecycled_2023;TIER_5;2.0;1.0;0.0;714;1850
888;McLaren_765LT_2021;TIER_5;2.57;1.0;0.0;715;2232
889;McLaren_765LTSpiderReward_2021;TIER_5;2.54;1.0;0.0;715;2262
890;McLaren_765LTSpiderRewardRecycled_2021;TIER_5;2.54;1.0;0.0;715;2232
891;McLaren_ArturaReward_2022;TIER_5;2.0;1.0;0.53;713;2068
892;McLaren_ArturaRewardRecycled_2022;TIER_5;2.0;1.0;0.53;713;2042
893;McLaren_ArturaSpiderReward_2024;TIER_5;2.0;1.0;0.52;713;2066
894;McLaren_ArturaSpiderRewardRecycled_2024;TIER_5;2.0;1.0;0.0;713;1944
895;McLaren_Elva_2021;TIER_5;2.56;1.0;0.0;715;2319
896;McLaren_ElvaGold_2021;TIER_5;2.6;1.0;0.0;715;2289
897;McLaren_ElvaGOSH_2021;TIER_5;2.59;1.0;0.0;715;2318
898;McLaren_ElvaMSO_2021;TIER_5;3.08;;;715;1942
899;McLaren_ElvaWindscreenReward_2021;TIER_5;2.54;1.0;0.0;715;2307
900;McLaren_ElvaWindscreenRewardRecycled_2021;TIER_5;2.73;1.0;0.0;715;2273
901;McLaren_F1_1993;TIER_5;2.0;1.0;0.0;714;2325
902;McLaren_F1GT_1997;TIER_5;2.0;1.0;0.0;713;2569
903;McLaren_F1LM_1995;TIER_5;2.0;1.0;0.0;714;2369
904;McLaren_GTReward_2020;TIER_5;2.61;1.0;0.0;713;2048
905;McLaren_GTRewardRecycled_2020;TIER_5;2.61;1.0;0.0;713;2059
906;McLaren_LB650SReward_2015;TIER_5;2.96;1.0;0.0;714;1756
907;McLaren_LB650SRewardGold_2015;TIER_5;3.23;1.0;0.2;713;1790
908;McLaren_LB650SRewardRecycled_2015;TIER_5;3.03;1.0;0.0;714;1729
909;McLaren_P14CoupeReward_2017;TIER_5;2.64;1.0;0.0;713;2098
910;McLaren_P14CoupeRewardRecycled_2017;TIER_5;2.7;1.0;0.0;713;2057
911;McLaren_P14CoupeSH1_2017;TIER_5;2.87;1.0;0.0;713;2092
912;McLaren_P1_2014;TIER_5;3.19;1.0;0.01;714;2016
913;McLaren_P1GTREvo_2015;TIER_5;3.28;0.82;0.0;715;2088
914;McLaren_P1GTRReward_2015;TIER_5;3.15;1.0;0.0;715;2097
915;McLaren_P1GTRRewardRecycled_2015;TIER_5;3.16;1.0;0.06;715;2000
916;McLaren_Sabre_2022;TIER_5;2.0;1.0;0.0;713;2397
917;McLaren_Senna_2018;TIER_5;2.46;0.94;0.0;714;2321
918;McLaren_SennaCarbon_2018;TIER_5;2.29;0.97;0.0;715;2294
919;McLaren_SennaGOSH_2018;TIER_5;2.48;1.0;0.0;714;2318
920;McLaren_SennaGTR_2020;TIER_5;2.02;0.98;0.0;713;2432
921;McLaren_SennaGTRLM_2020;TIER_5;2.39;1.0;0.0;713;2444
922;McLaren_SennaLE_2018;TIER_5;2.49;1.0;0.0;714;2318
923;McLaren_SLR722EditionCrew_2007;TIER_5;2.87;1.0;0.0;714;936
924;McLaren_SLR722EditionReward_2006;TIER_5;2.0;0.0;1.0;713;2280
925;McLaren_SLR722EditionRewardRecycled_2006;TIER_5;2.0;0.0;1.0;713;2253
926;McLaren_SLR722SRoadster_2009;TIER_5;2.0;0.0;1.0;713;2280
927;McLaren_SolusGT_2023;TIER_5;2.0;1.0;0.0;713;2578
928;McLaren_Speedtail_2019;TIER_5;2.37;0.91;0.0;715;2351
929;McLaren_SpeedtailOrange_2019;TIER_5;2.0;1.0;0.0;715;2336
930;McLaren_SpeedtailRed_2019;TIER_5;2.22;1.0;0.0;713;2415
931;McLaren_SpeedtailRedSEG_2019;TIER_5;2.2;1.0;0.0;713;1744
932;McLaren_Vorsteiner570VXReward_2016;TIER_5;2.98;1.0;0.0;713;1819
933;McLaren_Vorsteiner570VXRewardRecycled_2016;TIER_5;2.98;1.0;0.0;713;1800
934;McLaren_Vorsteiner720SReward_2018;TIER_5;2.83;0.99;0.0;714;2056
935;McLaren_Vorsteiner720SRewardRecycled_2018;TIER_5;2.93;1.0;0.03;714;2039
936;McLaren_W1_2025;TIER_5;2.0;1.0;0.0;713;2545
937;McMurtry_Speirling_2022;TIER_5;2.49;1.0;0.0;713;2620
938;MercedesAMG_CLAEVReward_2025;TIER_3;2.0;1.0;0.0;581;1003
939;MercedesAMG_CLAEVRewardRecycled_2025;TIER_3;2.0;1.0;0.0;581;982
940;MercedesAMG_CLE53CoupeReward_2024;TIER_4;2.0;1.0;0.0;673;1704
941;MercedesAMG_CLE53CoupeRewardRecycled_2024;TIER_4;2.0;1.0;0.0;673;1679
942;MercedesAMG_G63SUVReward_2020;TIER_4;2.01;1.0;0.0;674;1434
943;MercedesAMG_G63SUVRewardRecycled_2020;TIER_4;2.01;1.0;0.0;674;1408
944;MercedesAMG_GT3_2020;TIER_5;2.0;1.0;0.53;713;2418
945;MercedesAMG_GT_2015;TIER_4;2.64;0.93;0.11;673;629
946;MercedesAMG_GT_2015;TIER_4;2.79;1.0;0.14;673;530
947;MercedesAMG_GTBlackSeriesReward_2020;TIER_5;3.89;;;713;954
948;MercedesAMG_GTBlackSeriesRewardRecycled_2020;TIER_5;3.89;;;713;940
949;MercedesAMG_GTRReward_2017;TIER_5;2.23;1.0;0.18;713;1408
950;MercedesAMG_GTRRewardHalloween_2017;TIER_5;2.23;1.0;0.33;713;1472
951;MercedesAMG_GTRRewardRecycled_2017;TIER_5;2.49;0.96;0.01;713;1441
952;MercedesAMG_GTSF8_2015;TIER_4;4.33;0.82;0.3;674;567
953;MercedesAMG_S63CoupeReward_2020;TIER_5;2.0;0.0;0.0;713;1929
954;MercedesAMG_S63CoupeRewardRecycled_2020;TIER_5;2.0;0.0;0.0;713;1904
955;MercedesAMGF1_W11_2020;TIER_5;2.0;1.0;0.52;713;2517
956;MercedesAMGF1_W11VB_2020;TIER_5;2.0;1.0;0.53;713;2517
957;MercedesBenz_300SLClassic_1954;TIER_2;2.0;0.8;0.0;481;1269
958;MercedesBenz_A45AMG_2014;TIER_2;4.58;0.89;0.0;485;876
959;MercedesBenz_A45AMGElite_2014;TIER_2;4.35;0.97;0.19;485;855
960;MercedesBenz_C63AMGCoupeBlackSeries_2014;TIER_4;3.49;0.87;0.16;674;663
961;MercedesBenz_C63AMGEdition507_2014;TIER_3;4.32;;;587;652
962;MercedesBenz_CLA45AMGShootingBrakeBoss_2015;TIER_3;3.1;0.88;0.56;448;627
963;MercedesBenz_CLKGTR_1999;TIER_5;2.0;1.0;0.0;713;2467
964;MercedesBenz_LBC63AMGCoupeBlackSeries_2014;TIER_4;2.0;0.77;0.15;673;754
965;MercedesBenz_SL65AMGBlackSeries_2009;TIER_5;2.0;1.0;0.0;713;2216
966;MercedesBenz_SLSAMGBlackSeries_2013;TIER_4;4.46;0.87;0.52;673;711
967;Mini_CooperJCWGP_2020;TIER_2;4.0;0.94;0.52;483;1502
968;Mini_CooperS_2014;TIER_1;4.65;0.82;0.55;360;375
969;Mini_CooperS_2014;TIER_1;4.65;0.86;0.55;360;352
970;Mini_CooperSElite_2014;TIER_1;3.58;0.33;0.47;352;376
971;Mitsubishi_EclipseF1_1995;TIER_4;2.17;1.0;0.19;673;1588
972;Mitsubishi_EclipseSpyderF2_2003;TIER_5;2.0;1.0;0.0;713;2444
973;Mitsubishi_LancerEvolutionIXF3_2006;TIER_4;2.67;0.92;0.0;673;1820
974;Mitsubishi_LancerEvolutionVIIF2_2002;TIER_4;3.01;1.0;0.01;673;1782
975;Mitsubishi_LancerEVOXTNR_2015;TIER_4;3.86;1.0;0.0;673;1111
976;Mitsubishi_VoltexEvoIXReward_2005;TIER_4;2.0;1.0;0.0;673;1773
977;Mitsubishi_VoltexEvoIXRewardRecycled_2005;TIER_4;2.0;1.0;0.0;673;1731
978;Nilu27_NILU_2025;TIER_5;2.0;1.0;0.0;713;2448
979;Nissan_240SXRocketBunnyBossReward_1995;TIER_5;2.0;0.0;0.52;713;2067
980;Nissan_240SXRocketBunnyBossRewardRecycled_1995;TIER_5;2.0;0.0;0.52;713;2041
981;Nissan_350ZF3_2003;TIER_4;2.46;0.92;0.13;673;1816
982;Nissan_350ZRocketBunny_2003;TIER_4;2.33;0.98;0.0;673;1762
983;Nissan_350ZRocketBunnyV2_2003;TIER_4;2.38;0.91;0.0;673;1806
984;Nissan_350ZRocketBunnyV2Easter_2003;TIER_4;2.37;0.96;0.0;673;1720
985;Nissan_ActiveSkylineGTRR33_1995;TIER_5;2.0;1.0;0.0;713;2367
986;Nissan_GTR50_2021;TIER_5;2.0;1.0;0.0;713;2142
987;Nissan_GTR50Reward_2020;TIER_5;2.0;1.0;0.0;713;2142
988;Nissan_GTR50RewardRecycled_2020;TIER_5;2.0;1.0;0.0;713;2117
989;Nissan_GTR_2017;TIER_4;3.02;1.0;0.53;673;792
990;Nissan_GTRNismoCrew_2017;TIER_4;3.41;0.92;0.17;676;680
991;Nissan_GTRNismoCrewRecycled_2017;TIER_4;3.41;0.87;0.18;676;667
992;Nissan_GTRNISMOGT3_2015;TIER_5;2.0;1.0;0.0;713;2428
993;Nissan_GTRNismoNReward_2017;TIER_4;3.07;0.98;0.1;674;1600
994;Nissan_GTRNismoNRewardRecycled_2017;TIER_4;2.85;1.0;0.14;674;1543
995;Nissan_GTRNISMOReward_2024;TIER_5;2.0;1.0;0.0;713;2172
996;Nissan_GTRNISMORewardRecycled_2024;TIER_5;2.0;1.0;0.0;713;2149
997;Nissan_GTRPremium_2015;TIER_4;3.9;1.0;0.26;672;605
998;Nissan_GTRPremium_2015;TIER_4;3.85;1.0;0.05;672;566
999;Nissan_GTRR35BensopraF6_2012;TIER_5;2.0;1.0;0.0;714;2311
1000;Nissan_GTRReward_2015;TIER_4;2.15;0.91;0.3;669;546
1001;Nissan_GTRRewardRecycled_2015;TIER_4;2.15;0.91;0.3;669;525
1002;Nissan_GTRTNR_2017;TIER_5;2.46;1.0;0.0;713;1413
1003;Nissan_JukeR20ConceptReward_2015;TIER_4;3.21;1.0;0.0;671;1610
1004;Nissan_JukeR20ConceptRewardRecycled_2015;TIER_4;3.28;1.0;0.0;671;1583
1005;Nissan_KRCJapanGTRR35Reward_2017;TIER_5;2.0;1.0;0.0;714;2311
1006;Nissan_KRCJapanGTRR35RewardRecycled_2017;TIER_5;2.0;1.0;0.0;714;2287
1007;Nissan_LBER34Skyline_2002;TIER_5;2.0;1.0;0.0;713;2036
1008;Nissan_LBGTRType2_2017;TIER_4;2.4;1.0;0.0;673;1489
1009;Nissan_LBSuperSilhouetteSilviaS15_1999;TIER_5;2.0;1.0;0.0;713;2167
1010;Nissan_PandeMGTRR33Reward_1995;TIER_4;2.03;0.99;0.0;673;1841
1011;Nissan_PandeMGTRR33RewardRecycled_1995;TIER_4;2.01;0.96;0.0;673;1819
1012;Nissan_ProtoZ_2020;TIER_3;2.0;0.41;0.53;581;981
1013;Nissan_R390GT1_1997;TIER_5;2.0;1.0;0.0;713;2603
1014;Nissan_SilviaS14F1_1997;TIER_5;2.0;1.0;0.52;713;2002
1015;Nissan_SilviaS15Crew_1999;TIER_3;3.65;1.0;0.52;585;541
1016;Nissan_SilviaS15CrewRecycled_1999;TIER_3;3.63;1.0;0.52;585;519
1017;Nissan_SilviaS15F3_1999;TIER_5;2.0;0.0;0.0;713;2013
1018;Nissan_SilviaS15RocketBunny_1999;TIER_4;2.57;0.87;0.21;673;1355
1019;Nissan_SilviaS15TNR_1999;TIER_5;2.39;1.0;0.0;713;1780
1020;Nissan_SkylineGTRF4_2002;TIER_5;2.33;0.93;0.0;713;2011
1021;Nissan_SkylineGTRR33F1_1995;TIER_4;2.0;1.0;0.0;673;1838
1022;Nissan_SkylineGTRR34F2_1999;TIER_5;2.33;0.97;0.52;713;2021
1023;Nissan_SkylineGTRR34TNR_2002;TIER_5;2.56;1.0;0.0;713;1332
1024;Nissan_SkylineR33NismoSTune_1995;TIER_4;3.75;1.0;0.0;673;1558
1025;Nissan_StillenMaximaF1_1999;TIER_4;2.1;1.0;0.54;673;1782
1026;Nissan_TopSecret350ZF3_2003;TIER_4;2.37;1.0;0.02;673;1802
1027;Nissan_VeilsideZReward_2023;TIER_4;2.91;;;671;1610
1028;Nissan_VeilsideZRewardRecycled_2023;TIER_4;2.91;;;673;941
1029;Nissan_Zero4Skyline2000GT_1971;TIER_5;2.0;1.0;0.0;713;2474
1030;Nissan_ZNISMOReward_2024;TIER_4;2.0;1.0;0.0;673;1703
1031;Nissan_ZNISMORewardRecycled_2024;TIER_4;2.0;1.0;0.0;673;1680
1032;Nissan_ZTNR_2023;TIER_5;2.42;1.0;0.0;712;1761
1033;Noble_M500_2022;TIER_5;2.0;1.0;0.0;713;2150
1034;Noble_M600CarbonSport_2017;TIER_5;2.0;1.0;0.0;713;2190
1035;Noble_M600F9_2017;TIER_5;2.0;1.0;0.0;713;2187
1036;Noble_M600Reward_2017;TIER_5;2.0;0.99;0.0;713;2182
1037;Noble_M600RewardRecycled_2017;TIER_5;2.01;1.0;0.0;713;2140
1038;Noble_M600SpeedsterReward_2018;TIER_5;2.0;1.0;0.0;713;2182
1039;Noble_M600SpeedsterRewardRecycled_2018;TIER_5;2.0;1.0;0.0;713;2149
1040;Pagani_C10_2023;TIER_5;2.0;1.0;0.0;713;2562
1041;Pagani_C10Reward_2023;TIER_5;2.0;1.0;0.0;713;2544
1042;Pagani_C10RewardRecycled_2023;TIER_5;2.0;1.0;0.0;713;2521
1043;Pagani_Huayra_2014;TIER_5;2.83;1.0;0.0;715;1375
1044;Pagani_HuayraBCReward_2016;TIER_5;2.02;1.0;0.0;714;2130
1045;Pagani_HuayraBCRewardRecycled_2016;TIER_5;2.0;1.0;0.0;714;2101
1046;Pagani_HuayraBCRoadster_2019;TIER_5;2.34;1.0;0.0;714;2119
1047;Pagani_HuayraBCRoadsterLS_2019;TIER_5;2.0;1.0;0.0;714;2202
1048;Pagani_HuayraBCRoadsterPB_2019;TIER_5;2.38;1.0;0.0;714;2126
1049;Pagani_HuayraCodalunga_2022;TIER_5;2.0;1.0;0.0;713;2390
1050;Pagani_HuayraCodalungaSpeedster_2025;TIER_5;2.0;1.0;0.0;713;2458
1051;Pagani_HuayraElite_2014;TIER_5;2.2;1.0;0.16;715;1235
1052;Pagani_HuayraR_2021;TIER_5;2.0;1.0;0.0;713;2536
1053;Pagani_HuayraREvo_2024;TIER_5;2.0;1.0;0.0;713;2511
1054;Pagani_HuayraRoadsterReward_2017;TIER_5;2.42;1.0;0.0;714;1944
1055;Pagani_HuayraRoadsterRewardRecycled_2017;TIER_5;2.42;1.0;0.0;714;1927
1056;Pagani_Imola_2021;TIER_5;2.0;1.0;0.0;713;2307
1057;Pagani_ImolaGold_2021;TIER_5;2.0;1.0;0.0;713;2307
1058;Pagani_ImolaRoadster_2023;TIER_5;2.0;1.0;0.0;713;2307
1059;Pagani_UtopiaRoadster_2024;TIER_5;2.0;1.0;0.0;713;2544
1060;Pagani_ZondaBarchetta_2018;TIER_5;2.0;0.44;0.48;713;2211
1061;Pagani_ZondaCinqueCoupe_2009;TIER_5;2.55;1.0;0.53;713;2278
1062;Pagani_ZondaCinqueCoupeReward_2009;TIER_5;2.55;1.0;0.53;713;2278
1063;Pagani_ZondaCinqueCoupeRewardRecycled_2009;TIER_5;2.57;1.0;0.53;713;2252
1064;Pagani_ZondaCinqueRoadster_2010;TIER_5;2.55;1.0;0.53;713;2278
1065;Pagani_ZondaCinqueRoadsterReward_2010;TIER_5;2.55;1.0;0.53;713;2278
1066;Pagani_ZondaCinqueRoadsterRewardRecycled_2010;TIER_5;2.55;1.0;0.0;713;2182
1067;Pagani_ZondaREvoBarchetta_2021;TIER_5;2.5;0.97;0.0;714;2317
1068;Pagani_ZondaRevolucion_2013;TIER_5;2.54;1.0;0.0;714;2316
1069;Pininfarina_B95_2025;TIER_5;2.0;1.0;0.0;713;2516
1070;Pininfarina_Battista_2020;TIER_5;2.0;1.0;0.0;713;2568
1071;Pininfarina_BattistaNinoFarina_2023;TIER_5;2.0;1.0;0.0;713;2568
1072;Pininfarina_BattistaReward_2022;TIER_5;2.0;1.0;0.0;713;2568
1073;Pininfarina_BattistaRewardRecycled_2022;TIER_5;2.0;1.0;0.0;713;2544
1074;Plymouth_FormulaSBarracuda_1968;TIER_5;2.0;1.0;0.0;712;2267
1075;Plymouth_FormulaSBarracudaElite_1968;TIER_5;2.81;1.0;0.0;712;1815
1076;Plymouth_FuryJimBelvedere_1958;TIER_5;2.0;1.0;0.0;713;2339
1077;Plymouth_HemiCudaClassic_1971;TIER_4;2.28;1.0;0.17;672;1045
1078;Plymouth_RidesByKamBarracuda_1970;TIER_5;2.0;1.0;0.0;713;2250
1079;Plymouth_RingbrothersCuda_1970;TIER_5;2.0;1.0;0.0;713;2605
1080;Plymouth_RoadRunnerGTXF8_1971;TIER_5;2.0;1.0;0.0;714;2039
1081;Plymouth_RuffianCoupe_1935;TIER_5;2.0;1.0;0.0;713;2648
1082;Plymouth_SuperbirdLPClassic_1970;TIER_5;2.0;1.0;0.0;713;2135
1083;Plymouth_WeaverCustomsCudaTorcReward4thJuly_2016;TIER_5;2.16;0.88;0.33;714;1966
1084;Plymouth_WeaverCustomsCudaTorcReward_2016;TIER_5;2.2;0.88;0.29;714;1956
1085;Plymouth_WeaverCustomsCudaTorcRewardRecycled_2016;TIER_5;2.24;0.87;0.4;714;1946
1086;Pontiac_FieroF9_1986;TIER_5;2.0;1.0;0.0;713;2485
1087;Pontiac_FirebirdTransAm_1977;TIER_5;2.0;1.0;1.0;713;2544
1088;Pontiac_GTOTheJudgeClassic_1969;TIER_3;2.41;0.93;0.0;582;497
1089;Pontiac_HorizonMotorsportsTransAm_1973;TIER_5;2.0;1.0;0.0;713;2518
1090;Pontiac_NHRFirebird_1970;TIER_5;2.0;1.0;0.0;713;2670
1091;Pontiac_RyansFirebirdTransAm_1978;TIER_5;2.0;1.0;0.56;713;2521
1092;Porsche_718BoxsterS_2017;TIER_2;5.0;0.97;0.52;483;1438
1093;Porsche_718BoxsterS_2017;TIER_2;5.0;0.8;0.52;459;1466
1094;Porsche_718BoxsterSpyder_2020;TIER_3;3.18;1.0;0.0;581;862
1095;Porsche_718CaymanGT4_2020;TIER_3;4.75;0.97;0.0;581;887
1096;Porsche_718CaymanGT4RS_2022;TIER_5;2.36;1.0;0.53;713;2049
1097;Porsche_718SpyderRSReward_2024;TIER_5;2.0;1.0;0.0;713;2058
1098;Porsche_718SpyderRSRewardRecycled_2024;TIER_5;2.0;1.0;0.0;713;2030
1099;Porsche_911Carrera4SCabrioletReward_2020;TIER_4;2.25;0.93;0.0;673;1617
1100;Porsche_911Carrera4SCabrioletRewardRecycled_2020;TIER_4;2.16;0.9;0.0;673;1596
1101;Porsche_911CarreraRS27LPClassic_1973;TIER_5;2.0;1.0;0.0;713;1535
1102;Porsche_911DakarReward_2023;TIER_5;2.0;1.0;0.0;713;2123
1103;Porsche_911DakarRewardRecycled_2023;TIER_5;2.0;1.0;0.0;713;2098
1104;Porsche_911GT1StraBenversion_1996;TIER_5;2.0;1.0;0.0;713;2531
1105;Porsche_911GT2_1993;TIER_5;2.0;1.0;0.0;713;2310
1106;Porsche_911GT2RS_2017;TIER_5;2.0;0.65;0.52;713;2014
1107;Porsche_911GT2RSClubSport_2019;TIER_5;2.36;0.97;0.0;713;2218
1108;Porsche_911GT2RSClubSportSalzburg_2019;TIER_5;2.01;1.0;0.0;713;2132
1109;Porsche_911GT2RSGold_2017;TIER_5;2.0;0.07;0.56;713;1975
1110;Porsche_911GT2RSVIP_2017;TIER_5;2.0;0.55;0.52;713;2012
1111;Porsche_911GT39922_2025;TIER_5;2.0;1.0;0.0;713;2304
1112;Porsche_911GT3_2022;TIER_5;2.0;0.07;0.6;713;2091
1113;Porsche_911GT3R992_2022;TIER_5;2.0;1.0;0.0;713;2502
1114;Porsche_911GT3Reward_2018;TIER_5;2.16;0.87;0.47;714;1408
1115;Porsche_911GT3RewardRecycled_2018;TIER_5;2.19;0.84;0.47;714;1392
1116;Porsche_911GT3RRennsport_2023;TIER_5;2.0;1.0;0.0;713;2493
1117;Porsche_911GT3RS992_2023;TIER_5;2.0;1.0;0.0;713;2347
1118;Porsche_911GT3RS992Tribute_2023;TIER_5;2.0;0.0;0.53;712;2368
1119;Porsche_911GT3RS997_2012;TIER_5;2.0;1.0;0.0;713;2419
1120;Porsche_911GT3RSCrew_2016;TIER_5;2.29;0.91;0.03;716;1301
1121;Porsche_911GT3RSCrewRecycled_2016;TIER_5;2.35;0.95;0.11;716;1279
1122;Porsche_911GT3RSReward_2018;TIER_5;2.0;0.81;0.0;714;1838
1123;Porsche_911GT3RSRewardRecycled_2018;TIER_5;2.02;0.79;0.0;714;1832
1124;Porsche_911GT3TouringReward_2022;TIER_5;2.0;0.0;0.54;713;2092
1125;Porsche_911GT3TouringRewardRecycled_2022;TIER_5;2.0;0.0;0.58;713;2066
1126;Porsche_911RReward_2017;TIER_5;2.75;1.0;0.0;713;1348
1127;Porsche_911RRewardRecycled_2017;TIER_5;2.75;1.0;0.0;713;1380
1128;Porsche_911RWBReward_1972;TIER_4;3.13;0.81;0.0;674;1837
1129;Porsche_911RWBRewardRecycled_1972;TIER_4;3.16;0.81;0.0;674;1808
1130;Porsche_911SpeedsterReward_2020;TIER_5;2.04;1.0;0.12;714;1941
1131;Porsche_911SpeedsterRewardRecycled_2020;TIER_5;2.0;1.0;0.1;714;1901
1132;Porsche_911STReward_2024;TIER_5;2.0;0.0;0.54;713;2092
1133;Porsche_911STRewardRecycled_2024;TIER_5;2.06;0.0;0.0;713;1929
1134;Porsche_911STRII_1972;TIER_4;3.25;0.84;0.03;674;1797
1135;Porsche_911Targa4GTSReward_2025;TIER_5;2.73;1.0;0.0;715;1933
1136;Porsche_911Targa4GTSRewardRecycled_2025;TIER_5;3.21;1.0;0.0;715;1676
1137;Porsche_911Targa4SReward_2021;TIER_4;2.0;0.88;0.03;673;1609
1138;Porsche_911Targa4SRewardRecycled_2021;TIER_4;3.51;1.0;0.0;673;1567
1139;Porsche_911Turbo930LPClassic_1977;TIER_5;2.0;1.0;0.0;713;1739
1140;Porsche_911TurboFlachbauC_1987;TIER_5;2.0;1.0;0.0;713;2323
1141;Porsche_911TurboSReward_2016;TIER_5;2.19;1.0;0.0;713;1944
1142;Porsche_911TurboSReward_2021;TIER_5;2.78;1.0;0.0;715;1938
1143;Porsche_911TurboSReward_2026;TIER_5;2.41;1.0;0.0;713;2136
1144;Porsche_911TurboSRewardRecycled_2016;TIER_5;2.19;1.0;0.0;713;1835
1145;Porsche_911TurboSRewardRecycled_2021;TIER_5;2.78;1.0;0.0;715;1918
1146;Porsche_911TurboSRewardRecycled_2026;TIER_5;2.42;1.0;0.0;713;2103
1147;Porsche_912Hoonipigasus_1966;TIER_5;2.0;1.0;0.0;713;2607
1148;Porsche_917K_1970;TIER_5;2.0;1.0;0.0;713;2467
1149;Porsche_918SpyderGold_2015;TIER_5;3.09;;;715;1690
1150;Porsche_918SpyderMartini_2015;TIER_5;2.02;0.02;0.55;715;2089
1151;Porsche_918SpyderReward_2015;TIER_5;2.34;0.0;0.52;715;1923
1152;Porsche_918SpyderRewardRecycled_2015;TIER_5;2.42;0.0;0.52;715;1806
1153;Porsche_919Street_2020;TIER_5;2.0;1.0;0.0;713;2515
1154;Porsche_935_2019;TIER_5;2.03;1.0;0.0;714;2346
1155;Porsche_935Gold_2019;TIER_5;2.0;1.0;0.0;714;2345
1156;Porsche_935Salzburg_2019;TIER_5;2.29;1.0;0.0;714;2322
1157;Porsche_959_1988;TIER_4;2.63;1.0;0.0;673;1420
1158;Porsche_962C_1987;TIER_5;2.0;1.0;0.0;713;2517
1159;Porsche_963LMDh_2023;TIER_5;2.0;1.0;0.0;713;2610
1160;Porsche_Bisimoto935K3V_1984;TIER_5;2.01;1.0;0.0;713;2564
1161;Porsche_Canepa959_1988;TIER_5;2.24;0.87;;713;1973
1162;Porsche_CarreraGTClassic_2003;TIER_5;2.58;1.0;0.0;713;1250
1163;Porsche_CayenneTurboGTReward_2022;TIER_4;2.33;0.91;0.0;672;1652
1164;Porsche_CayenneTurboGTRewardRecycled_2022;TIER_4;2.34;0.91;0.0;673;1636
1165;Porsche_CaymanGT4_2016;TIER_3;3.89;;;580;692
1166;Porsche_CaymanGT4Salzburg_2016;TIER_3;2.57;0.93;0.04;580;858
1167;Porsche_DD911GTRSRReward_2017;TIER_5;2.0;1.0;0.52;713;1970
1168;Porsche_DD911GTRSRRewardRecycled_2017;TIER_5;2.0;1.0;0.52;713;1940
1169;Porsche_Manthey911GT3RSReward_2024;TIER_5;2.0;0.0;0.53;712;2419
1170;Porsche_Manthey911GT3RSRewardRecycled_2024;TIER_5;2.0;0.0;0.53;712;2390
1171;Porsche_MissionRConcept_2021;TIER_5;2.0;1.0;0.0;713;2536
1172;Porsche_PanameraSportTurismoReward_2021;TIER_4;2.0;0.86;0.0;673;1800
1173;Porsche_PanameraSportTurismoRewardRecycled_2021;TIER_4;2.06;0.86;0.0;673;1776
1174;Porsche_RWB911Turbo_1991;TIER_5;2.0;1.0;0.53;713;2287
1175;Porsche_RWB964Reward_1991;TIER_5;3.1;;;603;
1176;Porsche_RWB964RewardRecycled_1991;TIER_5;2.0;1.0;0.0;713;2238
1177;Porsche_RWB993Evo_1993;TIER_5;2.0;1.0;0.0;714;2092
1178;Porsche_RWB993Reward_1993;TIER_5;2.0;1.0;0.0;714;2081
1179;Porsche_RWB993RewardRecycled_1993;TIER_5;2.0;1.0;0.0;714;2066
1180;Porsche_RWB993Rotana_1993;TIER_5;2.0;1.0;0.34;714;2078
1181;Porsche_TaycanTurboGTReward_2025;TIER_5;2.0;1.0;0.0;713;2347
1182;Porsche_TaycanTurboGTRewardRecycled_2025;TIER_5;2.0;1.0;0.0;713;2321
1183;Porsche_TaycanTurboSCrossTurismo_2022;TIER_5;2.0;1.0;0.52;713;2041
1184;Porsche_TaycanTurboSPride_2021;TIER_5;2.0;1.0;0.0;713;2072
1185;Porsche_TaycanTurboSReward_2021;TIER_5;2.0;1.0;0.52;713;2041
1186;Porsche_TaycanTurboSRewardRecycled_2021;TIER_5;2.0;1.0;0.52;713;2013
1187;Porsche_VorsteinerGT4VCS_2016;TIER_3;3.39;1.0;0.08;580;894
1188;Radford_Type62GOSH_2021;TIER_5;2.5;1.0;0.0;713;2343
1189;Radford_Type62PikesPeak_2023;TIER_5;2.0;1.0;0.0;713;2556
1190;Radford_Type62Reward_2021;TIER_5;2.15;1.0;0.0;713;2304
1191;Radford_Type62RewardRecycled_2021;TIER_5;2.14;1.0;0.0;713;2275
1192;RAESR_TachyonSpeed_2024;TIER_5;2.0;1.0;0.0;713;2601
1193;RAM_1500TRX_2021;TIER_4;2.35;1.0;0.0;673;1658
1194;Renault_ClioV6Phase2_2005;TIER_5;2.0;1.0;0.0;713;2406
1195;Rimac_Nevera_2021;TIER_5;2.29;1.0;0.0;713;2638
1196;Rimac_NeveraR_2025;TIER_5;2.0;1.0;0.0;713;2664
1197;Rimac_NeveraReward_2022;TIER_5;2.0;1.0;0.0;713;2635
1198;Rimac_NeveraRewardrecycled_2022;TIER_5;2.0;1.0;0.0;713;2593
1199;RUF_CTR3EVO_2023;TIER_5;2.0;1.0;0.0;713;2567
1200;Saleen_S1Reward_2018;TIER_5;2.94;0.82;0.16;713;1994
1201;Saleen_S1RewardRecycled_2018;TIER_5;2.99;0.83;0.21;713;1988
1202;Saleen_S7Classic_2004;TIER_5;2.81;1.0;0.0;713;2088
1203;SCG_004CS_2020;TIER_5;2.1;1.0;0.0;715;2242
1204;SCG_007_2021;TIER_5;2.0;0.0;0.53;713;2481
1205;SCG_SCG003S_2017;TIER_5;2.17;1.0;0.52;714;2215
1206;SCG_SCG003SCarbon_2017;TIER_5;2.0;1.0;0.0;713;2261
1207;SCG_SCG004CReward_2019;TIER_5;2.34;0.0;0.51;715;2102
1208;SCG_SCG004CRewardRecycled_2019;TIER_5;2.26;0.0;0.52;715;2059
1209;Shelby_Cobra427SCClassic_1965;TIER_3;3.01;1.0;0.49;581;547
1210;Shelby_CobraDaytonaLP_1964;TIER_5;2.0;1.0;0.0;713;2628
1211;Shelby_MustangSuperSnakeR_2025;TIER_5;2.0;1.0;0.0;714;2309
1212;Shelby_SuperSnakeReward_2019;TIER_5;2.41;1.0;0.0;714;2066
1213;Shelby_SuperSnakeRewardRecycled_2019;TIER_5;2.38;1.0;0.0;714;2041
1214;Shelby_SuperSnakeS650Reward_2024;TIER_5;2.0;1.0;0.0;714;2181
1215;Shelby_SuperSnakeS650RewardRecycled_2024;TIER_5;2.0;1.0;0.0;714;2156
1216;Spyker_C8PreliatorReward_2017;TIER_5;2.11;1.0;0.24;714;2081
1217;Spyker_C8PreliatorRewardRecycled_2017;TIER_5;2.07;1.0;0.34;714;2046
1218;Spyker_C8PreliatorSpyder_2017;TIER_5;2.1;1.0;0.0;714;2066
1219;SSC_Tuatara_2019;TIER_5;2.74;0.89;1.0;713;2310
1220;SSC_TuataraGold_2019;TIER_5;3.17;;;713;2289
1221;SSC_TuataraSilver_2019;TIER_5;2.47;0.0;1.0;713;2307
1222;SSC_TuataraStriker_2022;TIER_5;3.17;;;713;2475
1223;SSC_TuataraWRE_2020;TIER_5;2.45;0.0;1.0;713;2393
1224;SSC_UltimateAeroTT_2009;TIER_5;2.0;1.0;0.0;713;2572
1225;Subaru_BRZF8_2013;TIER_3;2.56;1.0;0.0;580;777
1226;Subaru_BRZRocketBunny_2013;TIER_3;2.6;0.99;0.0;580;664
1227;Subaru_BRZRocketBunnyVIP_2013;TIER_3;2.61;0.99;0.0;580;677
1228;Subaru_BRZtSReward_2024;TIER_3;2.0;1.0;0.0;581;917
1229;Subaru_BRZtSRewardRecycled_2024;TIER_3;2.0;1.0;0.0;581;899
1230;Subaru_BRZtSTNR_2020;TIER_5;3.36;0.89;0.0;713;1162
1231;Subaru_ImprezaWRXF4_2009;TIER_4;2.36;1.0;0.0;674;1767
1232;Subaru_ImprezaWRXSTI_2014;TIER_2;5.0;0.89;0.0;481;706
1233;Subaru_ImprezaWRXSTI_2014;TIER_2;5.0;0.92;0.04;481;637
1234;Subaru_VarisImprezaWRXSTI_2014;TIER_4;2.25;0.0;0.0;673;1875
1235;Subaru_VarisWRXSTICALM_2018;TIER_4;2.81;1.0;0.0;673;1794
1236;Subaru_WRXSTIF8_2018;TIER_5;2.0;1.0;0.0;713;1954
1237;Subaru_WRXSTIGobstopperII_2015;TIER_5;2.0;1.0;0.0;713;2557
1238;Subaru_WRXSTITNR_2018;TIER_4;3.31;1.0;0.0;673;1074
1239;Toyota_86_2014;TIER_1;4.1;0.8;;351;500
1240;Toyota_86_2014;TIER_1;4.1;0.72;0.55;351;476
1241;Toyota_86Boss_2014;TIER_2;3.95;0.8;0.56;348;700
1242;Toyota_CamryNASCAR_2022;TIER_5;2.0;0.0;0.0;712;2514
1243;Toyota_GR86TNR_2023;TIER_5;2.0;1.0;0.0;713;2039
1244;Toyota_GRSupra_2020;TIER_3;5.0;0.92;0.0;581;889
1245;Toyota_GRSupraF9_2020;TIER_5;2.0;1.0;0.0;713;2367
1246;Toyota_GRSupraTNR_2020;TIER_5;2.46;1.0;0.0;713;1615
1247;Toyota_GRSupraV2TNR_2021;TIER_5;2.0;1.0;0.0;713;1527
1248;Toyota_GRYarisReward_2021;TIER_3;2.0;1.0;0.0;581;1184
1249;Toyota_GRYarisRewardRecycled_2021;TIER_3;2.0;1.0;0.0;581;1168
1250;Toyota_LBGRSupraReward_2020;TIER_5;2.0;1.0;0.0;713;2346
1251;Toyota_LBGRSupraRewardRecycled_2020;TIER_5;2.0;1.0;0.0;713;2303
1252;Toyota_PandeMGRSupraV15_2020;TIER_5;2.0;1.0;0.0;713;2346
1253;Toyota_PandeMGRSupraV1_2020;TIER_5;2.0;1.0;0.0;713;2328
1254;Toyota_SprinterTruenoAE86_1980;TIER_5;2.0;1.0;0.0;713;2347
1255;Toyota_SupraMK4TNR_1994;TIER_5;2.0;1.0;0.0;713;2507
1256;Toyota_SupraMKIVF1_1994;TIER_5;2.0;1.0;0.0;715;2326
1257;Toyota_SupraMKIVF7_1995;TIER_5;2.0;1.0;0.0;713;2453
1258;Toyota_SupraMKIVVaris_1994;TIER_5;2.0;1.0;0.0;715;1758
1259;TVR_GriffithReward_2019;TIER_4;3.38;1.0;0.0;674;1740
1260;TVR_GriffithRewardRecycled_2019;TIER_4;3.31;1.0;0.0;674;1723
1261;TVR_Sagaris_2006;TIER_4;2.55;1.0;0.0;673;1709
1262;TVR_SagarisReward_2006;TIER_4;2.55;1.0;0.0;673;1709
1263;TVR_SagarisRewardRecycled_2006;TIER_4;2.1;0.93;0.0;673;1705
1264;Ultima_EVOCoupeReward_2016;TIER_5;2.43;1.0;0.0;713;2149
1265;Ultima_EVOCoupeRewardRecycled_2016;TIER_5;2.43;1.0;0.0;713;2131
1266;Ultima_EVOCoupeSupercharged_2016;TIER_5;2.0;1.0;0.0;713;2311
1267;Ultima_RS_2020;TIER_5;2.36;1.0;0.0;713;2364
1268;Ultima_RSGold_2020;TIER_5;2.17;1.0;0.0;713;2341
1269;Volkswagen_GolfGTI_2014;TIER_1;3.15;0.8;0.21;349;725
1270;Volkswagen_GolfGTI_2014;TIER_1;2.88;;;349;432
1271;Volkswagen_GolfGTICrew_1982;TIER_1;5.0;1.0;0.25;354;824
1272;Volkswagen_GolfGTICrewRecycled_1982;TIER_1;4.7;0.9;0.28;354;617
1273;Volkswagen_GolfGTIElite_2014;TIER_1;4.42;0.8;0.55;349;749
1274;Volkswagen_IDR_2019;TIER_5;2.0;1.0;0.0;713;2607
1275;Volkswagen_JettaF1_1995;TIER_4;2.22;1.0;0.0;673;1468
1276;Volkswagen_RocketBunnyGolfGTI_2014;TIER_2;3.46;0.91;0.27;482;1164
1277;Volkswagen_SciroccoR_2015;TIER_2;3.08;0.94;;483;634
1278;Volkswagen_SciroccoR_2015;TIER_2;3.99;1.0;0.53;483;611
1279;VUHL_05RRReward_2019;TIER_5;2.37;1.0;0.01;714;1752
1280;VUHL_05RRRewardRecycled_2019;TIER_5;2.38;1.0;0.0;714;1720
1281;WMotors_FenyrSupersportReward_2016;TIER_5;2.0;1.0;0.52;714;1948
1282;WMotors_FenyrSupersportRewardRecycled_2016;TIER_5;2.0;1.0;0.52;714;1921
1283;WMotors_LykanHyperSportReward_2015;TIER_5;2.13;1.0;0.14;714;1506
1284;WMotors_LykanHyperSportRewardRecycled_2015;TIER_5;2.15;0.99;0.13;714;1479
1285;Zenvo_AuroraAgil_2024;TIER_5;2.0;1.0;0.0;713;2605
1286;Zenvo_AuroraTur_2024;TIER_5;2.0;1.0;0.0;713;2534
1287;Zenvo_AuroraTurReward_2024;TIER_5;2.0;1.0;0.0;713;2534
1288;Zenvo_AuroraTurRewardRecycled_2024;TIER_5;2.0;1.0;0.0;713;2509
1289;Zenvo_TS1GT_2018;TIER_5;2.01;0.96;0.57;714;2215
1290;Zenvo_TS1GTReward_2018;TIER_5;2.0;0.74;0.0;714;2215
1291;Zenvo_TS1GTRewardRecycled_2018;TIER_5;2.0;0.0;0.02;714;2149
1292;Zenvo_TSRGTReward_2023;TIER_5;2.0;1.0;0.0;714;2273
1293;Zenvo_TSRGTRewardRecycled_2023;TIER_5;2.0;1.0;0.0;714;2241
1294;Zenvo_TSRS_2019;TIER_5;2.0;1.0;0.52;714;2278
1295;Zenvo_TSRS_2020;TIER_5;2.11;1.0;0.0;714;2278
1296;Zenvo_TSRSGold_2020;TIER_5;2.06;1.0;0.0;713;2306
