raw;crdb;ctie;nitrous(fidr)max elite;gear(nlpr) max elite;tyres(ttpp)max elite;power(cppi)max elite;Perf(cepi)max elite;csrc
1;AstonMartin_DB5Classic_1964;TIER_2;3.87;1.0;0.0;481;1469;ShopGold
2;AstonMartin_VantageV8RewardRecycled_2018;TIER_4;2.91;0.96;0.06;674;1663;Gacha
3;Audi_RS5Coupe_2014;TIER_3;2.91;1.0;1.0;581;844;Gacha
4;BMW_30CSLE9LP_1973;TIER_5;2.0;1.0;0.0;713;2570;Prize
5;BMW_M235iCoupe_2014;TIER_2;5.0;0.58;0.0;470;1480;Gacha
6;BMW_M2G87TNR_2023;TIER_5;2.0;1.0;0.0;713;2453;Unknown
7;BMW_M4CompetitionG82TNR_2021;TIER_5;2.0;1.0;0.0;713;2459;Unknown
8;BMW_VarisM4GTSRewardRecycled_2016;TIER_4;3.5;0.93;0.0;674;1632;Gacha
9;Bugatti_EB110SSClassic_1992;TIER_5;2.0;1.0;0.0;713;2055;ShopCash
10;Cadillac_CTSVRewardRecycled_2017;TIER_4;3.2;1.0;0.0;673;1604;Gacha
11;Chevrolet_CamaroSS_2016;TIER_3;3.4;1.0;0.35;584;916;Gacha
12;Chevrolet_CorvetteC1LPClassic_1958;TIER_5;2.0;1.0;1.0;713;2288;ShopGold
13;Chevrolet_CorvetteC8RewardRecycled_2020;TIER_4;5.0;1.0;0.07;674;1720;Gacha
14;Chevrolet_CorvetteStingrayTNR_2020;TIER_5;2.0;1.0;0.0;713;2435;Prize
15;Chevrolet_CorvetteZR1Classic_1970;TIER_3;2.3;1.0;0.0;581;783;ShopGold
16;Chevrolet_NovaSSLPClassic_1970;TIER_5;2.0;1.0;0.0;713;2407;ShopGold
17;Datsun_240ZLPClassic_1972;TIER_5;2.0;1.0;0.0;713;2290;Unknown
18;Dodge_ChallengerRTLPClassic_1970;TIER_5;2.0;1.0;0.0;713;2412;ShopGold
19;Dodge_ChallengerSRTHellcat_2015;TIER_3;2.0;0.93;0.23;584;684;ShopGold
20;Dodge_ViperGTS_2015;TIER_4;3.83;1.0;0.0;672;1453;ShopCash
21;Dodge_ViperSR1LPClassic_1995;TIER_5;2.0;1.0;0.0;713;2437;Gacha
22;Ferrari_250GTOClassic_1962;TIER_2;4.47;1.0;0.0;481;1523;ShopCash
23;Ferrari_488PistaSpiderRewardRecycled_2019;TIER_5;2.19;1.0;0.0;713;2152;Gacha
24;Ford_EscortMk1RS2000LPClassic_1973;TIER_5;2.0;1.0;0.0;713;2397;ShopGold
25;Ford_F150SVTRaptor_2014;TIER_2;4.71;0.96;0.0;481;1362;Gacha
26;Ford_GT40MkII_1966;TIER_4;2.0;0.95;0.0;675;1593;ShopGold
27;Ford_Mustang302_1970;TIER_1;4.38;0.69;0.0;349;895;ShopGold
28;Ford_MustangGTFastbackTNR_2018;TIER_5;2.0;1.0;0.56;713;2429;Gacha
29;Ford_MustangGTPremium_2015;TIER_3;2.39;0.99;0.67;581;856;Gacha
30;Ford_MustangShelbyGT350LPClassic_1965;TIER_5;2.0;1.0;0.0;713;2613;Unknown
31;Ford_MustangSVTCobraRLPClassic_1993;TIER_5;2.0;1.0;0.0;713;2473;Gacha
32;Honda_CivicEGTNR_1995;TIER_5;2.0;1.0;0.0;713;2509;Unknown
33;Honda_CivicTypeRTNR_2017;TIER_5;2.0;1.0;0.0;713;2525;Unknown
34;Honda_CivicTypeRVaris_2017;TIER_3;3.12;1.0;0.0;581;1031;Gacha
35;Honda_LBNSXRewardRecycled_2017;TIER_4;2.92;1.0;0.0;675;1792;Gacha
36;Honda_NSXRClassic_1992;TIER_4;2.54;1.0;0.0;673;2000;ShopGold
37;Honda_NSXRewardRecycled_2017;TIER_4;3.08;1.0;0.0;674;1604;Gacha
38;Honda_NSXTNR_1992;TIER_5;2.0;1.0;0.0;713;2391;Gacha
39;Honda_S2000TNR_2001;TIER_5;2.02;1.0;0.53;713;2027;IAP
40;Jaguar_XJ220Classic_1993;TIER_5;2.0;1.0;0.0;713;2211;ShopGold
41;Jeep_GrandCherokeeTrackhawk_2018;TIER_4;4.0;0.88;0.09;673;1052;Gacha
42;Lamborghini_AventadorTNR_2021;TIER_5;2.06;1.0;0.0;713;2433;Prize
43;Lamborghini_CountachClassic_1988;TIER_3;2.28;0.0;0.08;675;1715;ShopGold
44;Lamborghini_HuracanEVOTNR_2021;TIER_5;2.25;1.0;0.0;713;2456;Unknown
45;Lamborghini_HuracanLP6104_2014;TIER_5;3.37;1.0;0.38;713;1989;Gacha
46;Lamborghini_LBSilhouetteHuracanRewardRecycled_2014;TIER_5;2.14;0.92;0.0;714;2105;Gacha
47;Lamborghini_MiuraSVLPClassic_1971;TIER_5;2.0;1.0;0.0;713;2595;Unknown
48;Lexus_LC500TNR_2018;TIER_4;2.82;1.0;0.0;673;1991;Unknown
49;LocalMotor_RallyFighter_2013;TIER_3;3.02;1.0;0.0;576;917;Gacha
50;Mazda_RX7RewardRecycled_1993;TIER_4;2.0;0.96;0.0;669;1789;Gacha
51;Mazda_RX7TNR_1993;TIER_5;2.18;1.0;0.0;713;1983;Gacha
52;Mazda_RX8TNR_2008;TIER_5;2.0;1.0;0.0;713;2349;Unknown
53;McLaren_720STNR_2017;TIER_5;2.0;1.0;0.0;713;2484;Unknown
54;McLaren_F1_1993;TIER_5;2.0;1.0;0.0;714;2474;Prize
55;MercedesBenz_300SLClassic_1954;TIER_2;2.0;0.81;0.0;481;1467;ShopCash
56;MercedesBenz_C63AMGEdition507_2014;TIER_3;4.08;1.0;0.06;587;804;Gacha
57;Mitsubishi_LancerEVOXTNR_2015;TIER_4;2.82;1.0;0.0;673;1868;IAP
58;Nissan_GTRTNR_2017;TIER_5;2.46;1.0;0.0;713;2168;Gacha
59;Nissan_SilviaS15RocketBunny_1999;TIER_4;2.33;0.87;0.33;673;1641;Gacha
60;Nissan_SilviaS15TNR_1999;TIER_5;2.39;1.0;0.0;713;2358;Prize
61;Nissan_SkylineGTRR34TNR_2002;TIER_5;2.0;1.0;0.0;713;2096;Gacha
62;Nissan_ZTNR_2023;TIER_5;2.2;1.0;0.0;712;2385;Prize
63;Plymouth_HemiCudaClassic_1971;TIER_4;2.0;1.0;0.0;672;1533;ShopGold
64;Plymouth_SuperbirdLPClassic_1970;TIER_5;2.0;1.0;0.0;713;2416;ShopCash
65;Pontiac_GTOTheJudgeClassic_1969;TIER_3;2.1;0.97;0.0;582;685;ShopGold
66;Porsche_911CarreraRS27LPClassic_1973;TIER_5;2.0;1.0;0.0;713;2433;ShopCash
67;Porsche_911RRewardRecycled_2017;TIER_5;2.75;1.0;0.0;713;1806;Gacha
68;Porsche_911Turbo930LPClassic_1977;TIER_5;2.0;1.0;0.0;713;2439;Gacha
69;Porsche_CarreraGTClassic_2003;TIER_5;2.63;0.89;0.0;713;2144;ShopGold
70;Saleen_S7Classic_2004;TIER_5;2.26;1.0;0.0;713;2419;ShopCash
71;Shelby_Cobra427SCClassic_1965;TIER_3;3.13;0.95;0.0;581;299;ShopCash
72;Shelby_CobraDaytonaLP_1964;TIER_5;2.0;1.0;0.0;713;2628;Prize
73;Shelby_SuperSnakeRewardRecycled_2019;TIER_5;2.24;1.0;0.0;714;2191;Gacha
74;Subaru_BRZtSTNR_2020;TIER_5;2.92;0.96;0.0;713;1977;IAPSpecial
75;Subaru_WRXSTITNR_2018;TIER_4;2.67;1.0;0.0;673;1786;IAP
76;Toyota_GR86TNR_2023;TIER_5;2.0;1.0;0.0;713;2447;Gacha
77;Toyota_GRSupraTNR_2020;TIER_5;2.0;1.0;0.0;713;2396;GenericRewards
78;Toyota_GRSupraV2TNR_2021;TIER_5;2.0;1.0;0.0;713;2344;Unknown
79;Toyota_SupraMK4TNR_1994;TIER_5;2.0;1.0;0.0;713;2507;Unknown
